Passenger Class,Name,Age,Embarked,Home Destination,Sex,Survive
1st,"Allen,MissElisabethWalton",29,Southampton,"StLouis,MO",female,yes
1st,"Allison,MissHelenLoraine",2,Southampton,"Montreal,PQ/Chesterville,ON",female,no
1st,"Allison,MrHudsonJoshuaCreighton",30,Southampton,"Montreal,PQ/Chesterville,ON",male,no
1st,"Allison,MrsHudsonJ.C.(BessieWaldoDaniels)",25,Southampton,"Montreal,PQ/Chesterville,ON",female,no
1st,"Allison,MasterHudsonTrevor",0.9167,Southampton,"Montreal,PQ/Chesterville,ON",male,yes
1st,"Anderson,MrHarry",47,Southampton,"NewYork,NY",male,yes
1st,"Andrews,MissKorneliaTheodosia",63,Southampton,"Hudson,NY",female,yes
1st,"Andrews,MrThomas,jr",39,Southampton,"Belfast,NI",male,no
1st,"Appleton,MrsEdwardDale(CharlotteLamson)",58,Southampton,"Bayside,Queens,NY",female,yes
1st,"Artagaveytia,MrRamon",71,Cherbourg,"Montevideo,Uruguay",male,no
1st,"Astor,ColonelJohnJacob",47,Cherbourg,"NewYork,NY",male,no
1st,"Astor,MrsJohnJacob(MadeleineTalmadgeForce)",19,Cherbourg,"NewYork,NY",female,yes
1st,"Aubert,MrsLeontinePauline",NA,Cherbourg,"Paris,France",female,yes
1st,"Barkworth,MrAlgernonH.",NA,Southampton,"Hessle,Yorks",male,yes
1st,"Baumann,MrJohnD.",NA,Southampton,"NewYork,NY",male,no
1st,"Baxter,MrsJames(HeleneDeLaudeniereChaput)",50,Cherbourg,"Montreal,PQ",female,yes
1st,"Baxter,MrQuiggEdmond",24,Cherbourg,"Montreal,PQ",male,no
1st,"Beattie,MrThomson",36,Cherbourg,"Winnipeg,MN",male,no
1st,"Beckwith,MrRichardLeonard",37,Southampton,"NewYork,NY",male,yes
1st,"Beckwith,MrsRichardLeonard(SallieMonypeny)",47,Southampton,"NewYork,NY",female,yes
1st,"Behr,MrKarlHowell",26,Cherbourg,"NewYork,NY",male,yes
1st,"Birnbaum,MrJakob",25,Cherbourg,"SanFrancisco,CA",male,no
1st,"Bishop,MrDickinsonH.",25,Cherbourg,"Dowagiac,MI",male,yes
1st,"Bishop,MrsDickinsonH.(HelenWalton)",19,Cherbourg,"Dowagiac,MI",female,yes
1st,"Bjornstrm-Steffansson,MrMauritzHakan",28,Southampton,"Stockholm,Sweden/Washington,DC",male,yes
1st,"Blackwell,MrStephenWeart",45,Southampton,"Trenton,NJ",male,no
1st,"Blank,MrHenry",39,Cherbourg,"GlenRidge,NJ",male,yes
1st,"Bonnell,MissCaroline",30,Southampton,"Youngstown,OH",female,yes
1st,"Bonnell,MissElizabeth",58,Southampton,"Birkdale,EnglandCleveland,Ohio",female,yes
1st,"Borebank,MrJohnJames",NA,Southampton,"London/Winnipeg,MB",male,no
1st,"Bowen,MissGraceScott",45,Cherbourg,"Cooperstown,NY",female,yes
1st,"Bowerman,MissElsieEdith",22,Southampton,"StLeonards-on-Sea,EnglandOhio",female,yes
1st,"Bradley,MrGeorge",NA,Southampton,"LosAngeles,CA",male,yes
1st,"Brady,MrJohnBertram",41,Southampton,"Pomeroy,WA",male,no
1st,"Brandeis,MrEmil",48,Cherbourg,"Omaha,NE",male,no
1st,"Brewe,DrArthurJackson",NA,Cherbourg,"Philadelphia,PA",male,no
1st,"Brown,MrsJamesJoseph(Margaret"Molly"Tobin)""",44,Cherbourg,"Denver,CO",female,yes
1st,"Brown,MrsJohnMurray(CarolineLaneLamson)",59,Southampton,"Belmont,MA",female,yes
1st,"Bucknell,MrsWilliamRobert(EmmaElizaWard)",60,Cherbourg,"Philadelphia,PA",female,yes
1st,"Butt,MajorArchibaldWillingham",45,Southampton,"Washington,DC",male,no
1st,"Calderhead,MrEdwardP.",NA,Southampton,"NewYork,NY",male,yes
1st,"Candee,MrsEdward(HelenChurchillHungerford)",53,Cherbourg,"Washington,DC",female,yes
1st,"Cardeza,MrsJamesWarburtonMartinez(CharlotteWardleDrake)",58,Cherbourg,"Germantown,Philadelphia,PA",female,yes
1st,"Cardeza,MrThomasDrakeMartinez",36,Cherbourg,"Austria-Hungary/Germantown,Philadelphia,PA",male,yes
1st,"Carlsson,MrFransOlof",33,Southampton,"NewYork,NY",male,no
1st,"Carrau,MrFranciscoM.",NA,Southampton,"Montevideo,Uruguay",male,no
1st,"Carrau,MrJosePedro",NA,Southampton,"Montevideo,Uruguay",male,no
1st,"Carter,MrWilliamErnest",36,Southampton,"BrynMawr,PA",male,yes
1st,"Carter,MrsWilliamErnest(LucilePolk)",36,Southampton,"BrynMawr,PA",female,yes
1st,"Carter,MissLucilePolk",14,Southampton,"BrynMawr,PA",female,yes
1st,"Carter,MasterWilliamT.II",11,Southampton,"BrynMawr,PA",male,yes
1st,"Case,MrHowardBrown",49,Southampton,"Ascot,Berkshire/Rochester,NY",male,no
1st,"Cassebeer,MrsHenryArthurjr(GenevieveFosdick)",NA,Cherbourg,"NewYork,NY",female,yes
1st,"Cavendish,MrTyrellWilliam",36,Southampton,"LittleOnnHall,Staffs",male,no
1st,"Cavendish,MrsTyrellWilliamJuliaFlorenceSiegel",NA,Southampton,"LittleOnnHall,Staffs",female,yes
1st,"Chaffee,MrHerbertFuller",46,Southampton,"Amenia,ND",male,no
1st,"Chaffee,MrsHerbertFuller(CarrieConstanceToogood)",47,Southampton,"Amenia,ND",female,yes
1st,"Chambers,MrNormanCampbell",27,Southampton,"NewYork,NY/Ithaca,NY",male,yes
1st,"Chambers,MrsNormanCampbell(BerthaGriggs)",31,Southampton,"NewYork,NY/Ithaca,NY",female,yes
1st,"Cherry,MissGladys",NA,Southampton,"London,England",female,yes
1st,"Chevre,MrPaul",NA,Cherbourg,"Paris,France",male,yes
1st,"Chibnall(Bowerman),MrsEdithMartha",NA,Southampton,"StLeonards-on-Sea,EnglandOhio",female,yes
1st,"Chisholm,MrRoderickRobert",NA,,"Liverpool,England/Belfast",male,no
1st,"Clark,MrWalterMiller",27,Cherbourg,"LosAngeles,CA",male,no
1st,"Clark,MrsWalterMiller(VirginiaMcDowell)",26,Cherbourg,"LosAngeles,CA",female,yes
1st,"Clifford,MrGeorgeQuincy",NA,Southampton,"Stoughton,MA",male,no
1st,"Colley,MrEdwardPomeroy",NA,Southampton,"Victoria,BC",male,no
1st,"Compton,MrsAlexanderTaylor(MaryElizaIngersoll)",64,Cherbourg,"Lakewood,NJ",female,yes
1st,"Compton,MrAlexanderTaylor,Jr",37,Cherbourg,"Lakewood,NJ",male,no
1st,"Compton,MissSaraRebecca",39,Cherbourg,"Lakewood,NJ",female,yes
1st,"Cornell,MrsRobertClifford(MalvinaHelenLamson)",55,Southampton,"NewYork,NY",female,yes
1st,"Crafton,MrJohnBertram",NA,Southampton,"Roachdale,IN",male,no
1st,"Crosby,CaptainEdwardGifford",70,Southampton,"Milwaukee,WI",male,no
1st,"Crosby,MrsEdwardGifford(CatherineElizabethHalstead)",69,Southampton,"Milwaukee,WI",female,yes
1st,"Crosby,MissHarrietR.",36,Southampton,"Milwaukee,WI",female,yes
1st,"Cumings,MrJohnBradley",39,Cherbourg,"NewYork,NY",male,no
1st,"Cumings,MrsJohnBradley(FlorenceBriggsThayer)",38,Cherbourg,"NewYork,NY",female,yes
1st,"Daly,MrPeterDenis",NA,Southampton,"Lima,Peru",male,yes
1st,"Daniel,MrRobertWilliams",27,Southampton,"Philadelphia,PA",male,yes
1st,"Davidson,MrThornton",31,Southampton,"Montreal,PQ",male,no
1st,"Davidson,MrsThornton(OrianHays)",27,Southampton,"Montreal,PQ",female,yes
1st,"deVilliers,MadameBerthe",NA,Cherbourg,"BelgiumMontreal,PQ",female,yes
1st,"Dick,MrAlbertAdrian",31,Cherbourg,"Calgary,AB",male,yes
1st,"Dick,MrsAlbertAdrianVeraGillespie",17,Cherbourg,"Calgary,AB",female,yes
1st,"Dodge,Dr.Washington",NA,Southampton,"SanFrancisco,CA",male,yes
1st,"Dodge,MrsWashington(RuthVidaver)",NA,Southampton,"SanFrancisco,CA",female,yes
1st,"Dodge,MasterWashington",4,Southampton,"SanFrancisco,CA",male,yes
1st,"Douglas,MrsFrederickCharles(SuzetteBaxter)",27,Cherbourg,"Montreal,PQ",female,yes
1st,"Douglas,MrWalterDonald",50,Cherbourg,"Deephaven,MN/CedarRapids,IA",male,no
1st,"Douglas,MrsWalterDonald(MahalaDutton)",48,Cherbourg,"Deephaven,MN/CedarRapids,IA",female,yes
1st,"DuffGordon,SirCosmoEdmund",49,Cherbourg,London/Paris,male,yes
1st,"DuffGordon,Lady(LucilleWallaceSutherland)",48,Cherbourg,London/Paris,female,yes
1st,"Dulles,MrWilliamCrothers",39,Cherbourg,"Philadelphia,PA",male,no
1st,"Earnshaw,MrsBoulton(OlivePotter)",23,Cherbourg,"MtAiry,Philadelphia,PA",female,yes
1st,"Eustis,MissElizabethMussey",53,Cherbourg,"Brookline,MA",female,yes
1st,"Evans,MissEdithCorse",36,Cherbourg,"NewYork,NY",female,no
1st,"Flegenheim,MrsAlfred(Antoinette)",NA,Cherbourg,"NewYork,NY",female,yes
1st,"Flynn,MrJohnIrving",NA,Southampton,"Brooklyn,NY",male,yes
1st,"Foreman,MrBenjaminLaventall",30,Cherbourg,"NewYork,NY",male,no
1st,"Fortune,MissAliceElizabeth",24,Southampton,"Winnipeg,MB",female,yes
1st,"Fortune,MrCharlesAlexander",19,Southampton,"Winnipeg,MB",male,no
1st,"Fortune,MissEthelFlora",28,Southampton,"Winnipeg,MB",female,yes
1st,"Fortune,MissMabel",23,Southampton,"Winnipeg,MB",female,yes
1st,"Fortune,MrMark",64,Southampton,"Winnipeg,MB",male,no
1st,"Fortune,MrsMark(MaryMcDougald)",60,Southampton,"Winnipeg,MB",female,yes
1st,"Franklin,MrThomasParham",NA,Southampton,"Westcliff-on-Sea,Essex",male,no
1st,"Frauenthal,DrHenryWilliam",49,Cherbourg,"NewYork,NY",male,yes
1st,"Frauenthal,MrsHenryWilliam(ClaraHeinsheimer)",NA,Cherbourg,"NewYork,NY",female,yes
1st,"Frauenthal,MrIsaacGerald",44,Southampton,"NewYork,NY",male,yes
1st,"Frolicher,MissMarguerite",22,Cherbourg,"Zurich,Switzerland",female,yes
1st,"Frolicher-Stehli,MrMaxmillian",60,Cherbourg,"Zurich,Switzerland",male,yes
1st,"Frolicher-Stehli,MrsMaxmillian(MargarethaEmerentiaStehli)",48,Cherbourg,"Zurich,Switzerland",female,yes
1st,"Futrelle,MrJacques",37,Southampton,"Scituate,MA",male,no
1st,"Futrelle,MrsJacques(MayPeel)",35,Southampton,"Scituate,MA",female,yes
1st,"Gee,MrArthurH.",47,Southampton,"StAnne's-on-Sea,Lancashire",male,no
1st,"Gibson,MissDorothy",22,Cherbourg,"NewYork,NY",female,yes
1st,"Gibson,MrsLeonard(PaulineC.Boeson)",45,Cherbourg,"NewYork,NY",female,yes
1st,"Goldenberg,MrSamuelL.",49,Cherbourg,"Paris,France/NewYork,NY",male,yes
1st,"Goldenberg,MrsSamuelL.(EdwigaGrabowsko)",NA,Cherbourg,"Paris,France/NewYork,NY",female,yes
1st,"Goldschmidt,MrGeorgeB.",71,Cherbourg,"NewYork,NY",male,no
1st,"Gracie,ColonelArchibaldIV",54,Southampton,"Washington,DC",male,yes
1st,"Graham,MrGeorgeEdward",38,Southampton,"Winnipeg,MB",male,no
1st,"Graham,MissMargaretEdith",19,Southampton,"Greenwich,CT",female,yes
1st,"Graham,MrsWilliamThompson(EdithJunkins)",58,Southampton,"Greenwich,CT",female,yes
1st,"Greenfield,MrsLeoDavid(BlancheStrouse)",45,Cherbourg,"NewYork,NY",female,yes
1st,"Greenfield,MrWilliamBertram",23,Cherbourg,"NewYork,NY",male,yes
1st,"Guggenheim,MrBenjamin",46,Cherbourg,"NewYork,NY",male,no
1st,"Harder,MrGeorgeAchilles",25,Cherbourg,"Brooklyn,NY",male,yes
1st,"Harder,MrsGeorgeAchilles(DorothyAnnan)",21,Cherbourg,"Brooklyn,NY",female,yes
1st,"Harper,MrHenrySleeper",48,Cherbourg,"NewYork,NY",male,yes
1st,"Harper,MrsHenrySleeper(MynaHaxtun)",49,Cherbourg,"NewYork,NY",female,yes
1st,"Harris,MrHenryBirkhardt",45,Southampton,"NewYork,NY",male,no
1st,"Harris,MrsHenryBirkhardt(IreneWallach)",36,Southampton,"NewYork,NY",female,yes
1st,"Hawksford,MrWalterJames",NA,Southampton,"Kingston,Surrey",male,yes
1st,"Hays,MrCharlesMelville",55,Southampton,"Montreal,PQ",male,no
1st,"Hays,MrsCharlesMelville(ClaraJenningsGregg)",52,Southampton,"Montreal,PQ",female,yes
1st,"Hays,MissMargaretBechstein",24,Southampton,"NewYork,NY",female,yes
1st,"Head,MrChristopher",NA,Southampton,London/Middlesex,male,no
1st,"Hilliard,MrHerbertHenry",NA,Southampton,"Brighton,MA",male,no
1st,"Hipkins,MrWilliamEdward",NA,Southampton,London/Birmingham,male,no
1st,"Hippach,MissJeanGertrude",16,Cherbourg,"Chicago,IL",female,yes
1st,"Hippach,MrsLouisAlbert(IdaSophiaFischer)",44,Cherbourg,"Chicago,IL",female,yes
1st,"Hogeboom,MrsJohnC.(AnnaAndrews)",51,Southampton,"Hudson,NY",female,yes
1st,"Holverson,MrAlexanderOskar",42,Southampton,"NewYork,NY",male,no
1st,"Holverson,MrsAlexanderOskar(MaryAlineTowner)",35,Southampton,"NewYork,NY",female,yes
1st,"Homer,MrHarry",35,Cherbourg,"Indianapolis,IN",male,yes
1st,"Hoyt,MrFrederickMaxfield",38,Southampton,"NewYork,NY/StamfordCT",male,yes
1st,"Hoyt,MrsFrederickMaxfield(JaneAnneForby)",35,Southampton,"NewYork,NY/StamfordCT",female,yes
1st,"Hoyt,MrWilliamF.",NA,Cherbourg,"NewYork,NY",male,no
1st,"Isham,MissAnneElizabeth",50,Cherbourg,"Paris,FranceNewYork,NY",female,no
1st,"Ismay,MrJosephBruce",49,Southampton,Liverpool,male,yes
1st,"Jones,MrCharlesCresson",46,Southampton,"Bennington,VT",male,no
1st,"Julian,MrHenryForbes",NA,Southampton,London,male,no
1st,"Kent,MrEdwardAustin",58,Cherbourg,"Buffalo,NY",male,no
1st,"Kenyon,MrFrederickR.",41,Southampton,"Southington/Noank,CT",male,no
1st,"Kenyon,MrsFrederickR.(Marion)",NA,Southampton,"Southington/Noank,CT",female,yes
1st,"Kimball,MrEdwinNelsonJr.",42,Southampton,"Boston,MA",male,yes
1st,"Kimball,MrsEdwinNelsonJr.(GertrudeParsons)",40,Southampton,"Boston,MA",female,yes
1st,"Klaber,MrHerman",NA,Southampton,"Portland,OR",male,no
1st,"Leader,DrAliceFarnham",NA,Southampton,"NewYork,NY",female,yes
1st,"Lewy,MrErvinG.",NA,Cherbourg,"Chicago,IL",male,no
1st,"Lindeberg-Lind,MrErikGustaf",42,Southampton,"Stockholm,Sweden",male,no
1st,"Lindstrom,MrsCarlJohan(SigridPosse)",55,Cherbourg,"Stockholm,Sweden",female,yes
1st,"Lines,MrsErnestH.(ElizabethLindseyJames)",50,Cherbourg,"Paris,France",female,yes
1st,"Lines,MissMaryConover",16,Cherbourg,"Paris,France",female,yes
1st,"Lingrey,MrEdward",NA,,,male,no
1st,"Long,MrMiltonClyde",29,Southampton,"Springfield,MA",male,no
1st,"Longley,MissGretchenFiske",21,Southampton,"Hudson,NY",female,yes
1st,"Loring,MrJosephHolland",30,Southampton,"London/NewYork,NY",male,no
1st,"Madill,MissGeorgetteAlexandra",15,Southampton,"StLouis,MO",female,yes
1st,"Maguire,MrJohnEdward",30,Southampton,"Brockton,MA",male,no
1st,"Marechal,MrPierre",NA,Cherbourg,"Paris,France",male,yes
1st,"Marvin,MrDanielWarner",NA,Southampton,"NewYork,NY",male,no
1st,"Marvin,MrsDanielWarner(MaryGrahamCarmichaelFarquarson)",NA,Southampton,"NewYork,NY",female,yes
1st,"McCaffry,MrThomasFrancis",46,Cherbourg,"Vancouver,BC",male,no
1st,"McCarthy,MrTimothyJ.",54,Southampton,"Dorchester,MA",male,no
1st,"McGough,MrJamesR.",36,Southampton,"Philadelphia,PA",male,yes
1st,"Meyer,MrEdgarJoseph",28,Cherbourg,"NewYork,NY",male,no
1st,"Meyer,MrsEdgarJoseph(LeilaSaks)",NA,Cherbourg,"NewYork,NY",female,yes
1st,"Millet,MrFrancisDavis",65,Southampton,"EastBridgewater,MA",male,no
1st,"Minahan,MissDaisyE.",33,Queenstown,"GreenBay,WI",female,yes
1st,"Minahan,DrWilliamEdward",44,Queenstown,"FondduLac,WI",male,no
1st,"Minahan,MrsWilliamEdward(LillianE.Thorpe)",37,Queenstown,"FondduLac,WI",female,yes
1st,"Mock,MrPhilipE.",NA,Cherbourg,"NewYork,NY",male,yes
1st,"Molson,MrHarryMarkland",55,Southampton,"Montreal,PQ",male,no
1st,"Moore,MrClarenceBloomfield",47,Southampton,"Washington,DC",male,no
1st,"Natsch,MrCharlesH.",36,Cherbourg,"Brooklyn,NY",male,no
1st,"Newell,MrArthurWebster",58,Cherbourg,"Lexington,MA",male,no
1st,"Newell,MissMadeleine",31,Cherbourg,"Lexington,MA",female,yes
1st,"Newell,MissMarjorie",23,Cherbourg,"Lexington,MA",female,yes
1st,"Newsom,MissHelenMonypeny",19,Southampton,"NewYork,NY",female,yes
1st,"Nicholson,MrArthurErnest",64,Southampton,"IsleofWight,England",male,no
1st,"Omont,MrA.Fernand",NA,Cherbourg,"Paris,France",male,yes
1st,"Ostby,MrEngelhartCornelius",64,Cherbourg,"Providence,RI",male,no
1st,"Ostby,MissHelenRaghnild",22,Cherbourg,"Providence,RI",female,yes
1st,"OviesyRodriguez,MrServando",28,,"?Havana,Cuba",male,no
1st,"Parr,MrWilliamHenryMarsh",NA,,Belfast,male,no
1st,"Partner,MrAustin",NA,Southampton,"SurbitonHill,Surrey",male,no
1st,"Payne,MrVivianPonsonby",22,Southampton,"Montreal,PQ",male,no
1st,"Pears,MrThomas",NA,Southampton,"Isleworth,England",male,no
1st,"Pears,MrsThomas(Edith)",NA,Southampton,"Isleworth,England",female,yes
1st,"Penasco,MrVictordeSatode",18,Cherbourg,"Madrid,Spain",male,no
1st,"Penasco,MrsVictordeSatode(JosefadeSoto)",17,Cherbourg,"Madrid,Spain",female,yes
1st,"Peuchen,MajorArthurGodfrey",52,Southampton,"Toronto,ON",male,yes
1st,"Porter,MrWalterChamberlain",46,Southampton,"Worcester,MA",male,no
1st,"Potter,MrsThomas,Jr.(LilyAlexeniaWilson)",56,Cherbourg,"MtAiry,Philadelphia,PA",female,yes
1st,"Reuchlin,JonkheerJohnGeorge",NA,Southampton,"Rotterdam,Netherlands",male,no
1st,"Rheims,MrGeorgeLucien",NA,Cherbourg,"Paris/NewYork,NY",male,yes
1st,"Robert,MrsEdwardScott(ElisabethWaltonMcMillan)",43,Southampton,"StLouis,MO",female,yes
1st,"Roebling,MrWashingtonAugustus2nd",31,Southampton,"Trenton,NJ",male,no
1st,"Romaine,MrCharlesHallace",NA,Southampton,"NewYork,NY",male,yes
1st,"Rood,MrHughR.",NA,Southampton,"Seattle,WA",male,no
1st,"Rosenbaum(Russell),MissEdithLouise",33,Cherbourg,"Paris,France",female,yes
1st,"Ross,MrJohnHugo",NA,Cherbourg,"Winnipeg,MB",male,no
1st,"Rothes,theCountessof(NoelLucyMarthaDyer-Edwardes)",27,Southampton,"LondonVancouver,BC",female,yes
1st,"Rothschild,MrMartin",55,Cherbourg,"NewYork,NY",male,no
1st,"Rothschild,MrsMartin(ElizabethL.Barrett)",54,Cherbourg,"NewYork,NY",female,yes
1st,"Rowe,MrAlfredG.",NA,Southampton,London,male,no
1st,"Ryerson,MrArthurLarned",61,Cherbourg,"Haverford,PA/Cooperstown,NY",male,no
1st,"Ryerson,MrsArthurLarned(EmilyMariaBorie)",48,Cherbourg,"Haverford,PA/Cooperstown,NY",female,yes
1st,"Ryerson,MissEmilyBorie",18,Cherbourg,"Haverford,PA/Cooperstown,NY",female,yes
1st,"Ryerson,MasterJohnBorie",13,Cherbourg,"Haverford,PA/Cooperstown,NY",male,yes
1st,"Ryerson,MissSusan(Suzette)Parker",21,Cherbourg,"Haverford,PA/Cooperstown,NY",female,yes
1st,"Saalfeld,MrAdolphe",NA,Southampton,"Manchester,England",male,yes
1st,"Salomon,MrAbrahamL.",NA,Southampton,"NewYork,NY",male,yes
1st,"Schabert,MrsPaul(EmmaMock)",NA,Cherbourg,"NewYork,NY",female,yes
1st,"Seward,MrFredericKimber",34,Southampton,"NewYork,NY",male,yes
1st,"Shutes,MissElizabethW.",40,Southampton,"NewYork,NY/GreenwichCT",female,yes
1st,"Silverthorne,MrSpencerVictor",36,Southampton,"StLouis,MO",male,yes
1st,"Silvey,MrWilliamBaird",50,,"Duluth,MN",male,no
1st,"Silvey,MrsWilliamBaird(AliceMunger)",39,,"Duluth,MN",female,yes
1st,"Simonius-Blumer,ColAlfons",56,,"Basel,Switzerland",male,yes
1st,"Sloper,MrWilliamThompson",28,Southampton,"NewBritain,CT",male,yes
1st,"Smart,MrJohnMontgomery",56,Southampton,"NewYork,NY",male,no
1st,"Smith,MrJamesClinch",56,Cherbourg,"StJames,LongIsland,NY",male,no
1st,"Smith,MrLucienPhilip",24,Southampton,"Huntington,WV",male,no
1st,"Smith,MrsLucienPhilip(MaryEloiseHughes",18,Southampton,"Huntington,WV",female,yes
1st,"Smith,MrRichardWilliam",NA,Southampton,"Streatham,Surrey",male,no
1st,"Snyder,MrJohnPillsbury",24,Southampton,"Minneapolis,MN",male,yes
1st,"Snyder,MrsJohnPillsbury(NelleStevenson)",23,Southampton,"Minneapolis,MN",female,yes
1st,"Spedden,MrFrederickOakley",45,Cherbourg,"TuxedoPark,NY",male,yes
1st,"Spedden,MrsFrederickOakley(MargarettaCorningStone)",40,Cherbourg,"TuxedoPark,NY",female,yes
1st,"Spedden,MasterRobertDouglas",6,Cherbourg,"TuxedoPark,NY",male,yes
1st,"Spencer,MrWilliamAugustus",57,Cherbourg,"Paris,France",male,no
1st,"Spencer,MrsWilliamAugustus(MarieEugenie)",NA,Cherbourg,"Paris,France",female,yes
1st,"Staehlin,DrMax",32,Cherbourg,"Basel,Switzerland",male,yes
1st,"Stead,MrWilliamThomas",62,Southampton,"WimbledonPark,London/HaylingIsland,Hants",male,no
1st,"Stengel,MrCharlesEmilHenry",54,Cherbourg,"Newark,NJ",male,yes
1st,"Stengel,MrsCharlesEmilHenry(AnnieMayMorris)",43,Cherbourg,"Newark,NJ",female,yes
1st,"Stephenson,MrsWalterBertram(MarthaEustis)",52,,"Haverford,PA",female,yes
1st,"Stewart,MrAlbertA.",NA,Cherbourg,"Gallipolis,Ohio/?Paris/NewYork",male,no
1st,"Stone,MrsGeorgeNelson(MarthaE.)",62,,"Cincinatti,OH",female,yes
1st,"Straus,MrIsidor",67,Southampton,"NewYork,NY",male,no
1st,"Straus,MrsIsidor(IdaBlun)",63,Southampton,"NewYork,NY",female,no
1st,"Sutton,MrFrederick",61,Southampton,"Haddenfield,NJ",male,no
1st,"Swift,MrsFrederickJoel(MargaretWellesBarron)",46,Southampton,"Brooklyn,NY",female,yes
1st,"Taussig,MrEmil",52,Southampton,"NewYork,NY",male,no
1st,"Taussig,MrsEmil(TillieMandelbaum)",39,Southampton,"NewYork,NY",female,yes
1st,"Taussig,MissRuth",18,Southampton,"NewYork,NY",female,yes
1st,"Taylor,MrElmerZebley",48,Southampton,"London/EastOrange,NJ",male,yes
1st,"Taylor,MrsElmerZebley(JulietCumminsWright)",NA,Southampton,"London/EastOrange,NJ",female,yes
1st,"Thayer,MrJohnBorland",49,Cherbourg,"Haverford,PA",male,no
1st,"Thayer,MrsJohnBorland(MarianLongstrethMorris)",39,Cherbourg,"Haverford,PA",female,yes
1st,"Thayer,MrJohnBorland,jr.",17,Cherbourg,"Haverford,PA",male,yes
1st,"Thorne,MrGeorge(aliasof:MrGeorgeRosenshine)",46,Cherbourg,"NewYork,NY",male,no
1st,"Thorne,MrsGertrudeMaybelle",NA,Cherbourg,"NewYork,NY",female,yes
1st,"Tucker,MrGilbertMilligan,jr",31,Cherbourg,"Albany,NY",male,yes
1st,"Uruchurtu,MrManuelE.",NA,Cherbourg,"MexicoCity,Mexico",male,no
1st,"VanDerhoef,MrWyckoff",61,Southampton,"Brooklyn,NY",male,no
1st,"Walker,MrWilliamAnderson",47,Southampton,"EastOrange,NJ",male,no
1st,"Warren,MrFrankManley",64,Cherbourg,"Portland,OR",male,no
1st,"Warren,MrsFrankManley(AnnaS.Atkinson)",60,Cherbourg,"Portland,OR",female,yes
1st,"Weir,ColJohn",60,Southampton,"EnglandSaltLakeCity,Utah",male,no
1st,"White,MrsJ.Stuart(EllaHolmes)",55,Cherbourg,"NewYork,NY/BriarcliffManorNY",female,yes
1st,"White,MrPercivalWayland",54,Southampton,"Brunswick,ME",male,no
1st,"White,MrRichardFrasar",21,Southampton,"Brunswick,ME",male,no
1st,"Wick,MrGeorgeDennick",57,Southampton,"Youngstown,OH",male,no
1st,"Wick,MrsGeorgeDennick(MarthaHitchcock)",45,Southampton,"Youngstown,OH",female,yes
1st,"Wick,MissMaryNatalie",31,Southampton,"Youngstown,OH",female,yes
1st,"Widener,MrGeorgeDunton",50,Cherbourg,"ElkinsPark,PA",male,no
1st,"Widener,MrsGeorgeDunton(EleanorElkins)",50,Cherbourg,"ElkinsPark,PA",female,yes
1st,"Widener,MrHarryElkins",27,Cherbourg,"ElkinsPark,PA",male,no
1st,"Willard,MissConstance",20,Southampton,"Duluth,MN",female,yes
1st,"Williams,MrCharlesDuane",51,Cherbourg,"Geneva,Switzerland/Radnor,PA",male,no
1st,"Williams,MrFletcherLambert",NA,Southampton,"London,England",male,no
1st,"Williams,MrRichardNorrisII",21,Cherbourg,"Geneva,Switzerland/Radnor,PA",male,yes
1st,"Woolner,MrHugh",NA,Southampton,"London,England",male,yes
1st,"Wright,MrGeorge",NA,Southampton,"Halifax,NS",male,no
1st,"Young,MissMarieGrice",36,Cherbourg,"NewYork,NY/Washington,DC",female,yes
1st,"Barber,Ms",NA,Southampton,,female,yes
1st,"Bazzani,MsAlbina",NA,Cherbourg,,female,yes
1st,"Bidois,MissRosalie",NA,Cherbourg,,female,yes
1st,"Bird,MsEllen",NA,Southampton,,female,yes
1st,"Bissetti,MsAmelia",NA,Cherbourg,,female,yes
1st,"Burns,MsElizabethMargaret",NA,Cherbourg,,female,yes
1st,"Chaudanson,Ms",NA,,Cherbourg,female,yes
1st,"Cleaver,MsAlice",NA,Southampton,,female,yes
1st,"Daniels,MsSarah",NA,Southampton,,female,yes
1st,"Endres,MissCarolineLouise",NA,Cherbourg,"NewYork,NY",female,yes
1st,"Farthing,MrJohn",NA,Southampton,,male,no
1st,"Fleming,MsMargaret",NA,Cherbourg,,female,no
1st,"Francatelli,MsLauraMabel",NA,Cherbourg,,female,yes
1st,"Fry,MrRichard",NA,Southampton,,male,no
1st,"Geiger,MissEmily",NA,Cherbourg,,female,yes
1st,"Giglio,MrVictor",NA,Cherbourg,,male,no
1st,"Harrington,MrCharles",NA,Southampton,,male,no
1st,"Harrison,MrWilliam",40,Southampton,,male,no
1st,"Hassah,MrHamad",NA,Cherbourg,,male,no
1st,"Icabad(Icabod),Ms",NA,,,female,yes
1st,"Keeping,MrEdwin",32,Cherbourg,,male,no
1st,"Kenchen,MsAmelia",NA,Southampton,,female,yes
1st,"LeRoy,MissBerthe",NA,Cherbourg,,female,yes
1st,"Lesneur,MrGustave",NA,Cherbourg,,male,no
1st,"Maloney,Ms",NA,Southampton,,female,yes
1st,"Oliva,Mlle",NA,Cherbourg,,female,no
1st,"Pericault,Ms",NA,Southampton,,female,yes
1st,"Ringhini,MrSante",33,Cherbourg,,male,no
1st,"Robbins,MrVictor",NA,Cherbourg,,male,no
1st,"Segesser,Mlle.Emma",NA,Cherbourg,,female,yes
1st,"Seredeca,Ms",NA,Southampton,,female,no
1st,"Ward,MsAnna",NA,Cherbourg,,female,no
1st,"Wilson,MsHelen",NA,Cherbourg,,female,yes
2nd,"Abelson,MrSamuel",30,Cherbourg,"RussiaNewYork,NY",male,no
2nd,"Abelson,MrsSamuel(Anna)",28,Cherbourg,"RussiaNewYork,NY",female,yes
2nd,"Andrew,MrEdgarSamuel",18,Southampton,"BuenosAires,Argentina/NewJersey,NJ",male,no
2nd,"Andrew,MrFrank",NA,Southampton,"Cornwall,EnglandHoughton,MI",male,no
2nd,"Angle,MrWilliamA.",34,Southampton,"Warwick,England",male,no
2nd,"Angle,MrsWilliamA.(Florence)",32,Southampton,"Warwick,England",female,yes
2nd,"Ashby,MrJohn",57,Southampton,"WestHoboken,NJ",male,no
2nd,"Bailey,MrPercyAndrew",18,Southampton,"Penzance,Cornwall/Akron,OH",male,no
2nd,"Baimbrigge,MrCharlesR.",23,Southampton,Guernsey,male,no
2nd,"Balls,MrsAdaE.Hall",36,Southampton,"Bristol,Avon/Jacksonville,FL",female,yes
2nd,"Banfield,MrFrederickJ.",28,Southampton,"Plymouth,Dorset/Houghton,MI",male,no
2nd,"Bateman,RevRobertJames",51,Southampton,"Jacksonville,FL",male,no
2nd,"Beane,MrEdward",32,Southampton,"Norwich/NewYork,NY",male,yes
2nd,"Beane,MrsEdward(EthelClarke)",19,Southampton,"Norwich/NewYork,NY",female,yes
2nd,"Beauchamp,MrHenryJames",28,Southampton,England,male,no
2nd,"Becker,MrsAllenOliver(NellieE.Baumgardner)",36,Southampton,"Guntur,India/BentonHarbour,MI",female,yes
2nd,"Becker,MissMarionLouise",4,Southampton,"Guntur,India/BentonHarbour,MI",female,yes
2nd,"Becker,MasterRichardF.",1,Southampton,"Guntur,India/BentonHarbour,MI",male,yes
2nd,"Becker,MissRuthElizabeth",12,Southampton,"Guntur,India/BentonHarbour,MI",female,yes
2nd,"Beesley,MrLawrence",34,Southampton,London,male,yes
2nd,"Bentham,MissLilianW.",19,Southampton,"Rochester,NY",female,yes
2nd,"Berriman,MrWilliamS.",23,Southampton,"StIves,Cornwall/Calumet,MI",male,no
2nd,"Botsford,MrWilliamHull",26,Southampton,"Elmira,NY/Orange,NJ",male,no
2nd,"Bowenur,MrSolomon",NA,Southampton,London,male,no
2nd,"Bracken,MrJamesH.",27,Southampton,"LakeArthur,ChavezCounty,NM",male,no
2nd,"Brown,MissEdithE.",15,Southampton,"CapeTown,SouthAfrica/Seattle,WA",female,yes
2nd,"Brown,MrThomasWilliamSolomon",45,Southampton,"CapeTown,SouthAfrica/Seattle,WA",male,no
2nd,"Brown,MrsThomasWilliamSolomon(ElizabethC.)",40,Southampton,"CapeTown,SouthAfrica/Seattle,WA",female,yes
2nd,"Bryhl,MissDagmar",20,Southampton,"Skara,Sweden/Rockford,IL",female,yes
2nd,"Bryhl,MrKurtArnoldGottfrid",25,Southampton,"Skara,Sweden/Rockford,IL",male,no
2nd,"Buss,MissKate",36,Southampton,"Sittingbourne,England/SanDiego,CA",female,yes
2nd,"Butler,MrReginaldFenton",25,Southampton,"Southsea,Hants",male,no
2nd,"Byles,Rev.ThomasRousselD.",NA,Southampton,London,male,no
2nd,"Bystrom,MrsCarolina",42,Southampton,"NewYork,NY",female,yes
2nd,"Caldwell,MrAlbertFrancis",26,Southampton,"Bangkok,Thailand/Roseville,IL",male,yes
2nd,"Caldwell,MrsAlbertFrancis(SylviaMaeHarbaugh)",26,Southampton,"Bangkok,Thailand/Roseville,IL",female,yes
2nd,"Caldwell,MasterAldenGates",0.8333,Southampton,"Bangkok,Thailand/Roseville,IL",male,yes
2nd,"Cameron,MissClear",31,Southampton,"Mamaroneck,NY",female,yes
2nd,"Campbell,MrWilliam",NA,,Belfast,male,no
2nd,"Carbines,MrWilliam",19,Southampton,"StIves,Cornwall/Calumet,MI",male,no
2nd,"Carter,RevErnestCourtenay",54,Southampton,London,male,no
2nd,"Carter,MrsErnestCourtenay(LillianHughes)",44,Southampton,London,female,no
2nd,"Chapman,MrCharlesHenry",52,Southampton,"Bronx,NY",male,no
2nd,"Chapman,MrJohnHenry",30,Southampton,"Cornwall/Spokane,WA",male,no
2nd,"Chapman,MrsJohnHenry(ElizabethLawry)",30,Southampton,"Cornwall/Spokane,WA",female,no
2nd,"Christy,MrsAliceFrances",NA,Southampton,London,female,yes
2nd,"Christy,MissJulie",NA,Southampton,London,female,yes
2nd,"Clarke,MrCharlesV.",29,Southampton,"England/SanFrancisco,CA",male,no
2nd,"Clarke,MrsCharlesV.(AdaMaria)",NA,Southampton,"England/SanFrancisco,CA",female,yes
2nd,"Coleridge,MrReginaldCharles",29,Southampton,"Hartford,Huntingdonshire",male,no
2nd,"Collander,MrErik",27,Southampton,"Helsinki,FinlandAshtabula,Ohio",male,no
2nd,"Collett,MrSidneyC.Stuart",24,Southampton,"London/FortByron,NY",male,yes
2nd,"Collyer,MrHarvey",35,Southampton,"Bishopstoke,Hants/FayetteValley,ID",male,no
2nd,"Collyer,MrsHarvey(CharlotteTate)",31,Southampton,"Bishopstoke,Hants/FayetteValley,ID",female,yes
2nd,"Collyer,MissMarjorie",8,Southampton,"Bishopstoke,Hants/FayetteValley,ID",female,yes
2nd,"Cook,MrsSelenaRogers",22,Southampton,Pennsylvania,female,no
2nd,"Corbett,MrsWalterH.(IreneColvin)",30,Southampton,"Provo,UT",female,no
2nd,"Corey,MrsPercyC.(MaryPhyllisElizabethMiller)",NA,Southampton,"UpperBurma,IndiaPittsburgh,PA",female,no
2nd,"Cotterill,MrHarry",20,Southampton,"Penzance,Cornwall/Akron,OH",male,no
2nd,"Cunningham,MrAlfredFleming",NA,,Belfast,male,no
2nd,"Davies,MrCharlesHenry",21,Southampton,"Lyndhurst,England",male,no
2nd,"Davis,MrsAgnes",49,Southampton,"StIves,Cornwall/Hancock,MI",female,yes
2nd,"Davis,MasterJohnMorgan",8,Southampton,"StIves,Cornwall/Hancock,MI",male,yes
2nd,"Davis,MissMary",28,Southampton,"London/StatenIsland,NY",female,yes
2nd,"Deacon,MrPercy",18,Southampton,,male,no
2nd,"deBrito,MrJoseJoaquim",NA,,"Portugal/SauPaulo,Brazil",male,no
2nd,"delCarlo,MrSebastiano",28,Cherbourg,"Lucca,Italy/California",male,no
2nd,"delCarlo,MrsSebastiano(ArgeniaGenovese)",22,Cherbourg,"Lucca,Italy/California",female,yes
2nd,"Denbury,MrHerbert",25,Southampton,"Guernsey/Elizabeth,NJ",male,no
2nd,"Dibden,MrWilliam",18,Southampton,"NewForest,England",male,no
2nd,"Doling,MrsAda",32,Southampton,Southampton,female,yes
2nd,"Doling,MissElsie",18,Southampton,Southampton,female,yes
2nd,"Downton(?Douton),MrWilliamJames",NA,Southampton,"Holley,NY",male,no
2nd,"Drew,MrJamesVivian",42,Southampton,"Greenport,NY",male,no
2nd,"Drew,MrsJamesVivian(LuluThorneChristian)",34,Southampton,"Greenport,NY",female,yes
2nd,"Drew,MasterMarshallBrines",8,Southampton,"Greenport,NY",male,yes
2nd,"DuranyMore,MissAsuncion",NA,Cherbourg,"Barcelona,Spain/Havana,Cuba",female,yes
2nd,"DuranyMore,MissFlorentina",NA,Cherbourg,"Barcelona,Spain/Havana,Cuba",female,yes
2nd,"Eitemiller,MrGeorgeFloyd",23,Southampton,"England/Detroit,MI",male,no
2nd,"Enander,MrIngvar",21,Southampton,"Goteborg,Sweden/Rockford,IL",male,no
2nd,"Fahlstrom,MrArneJonas",19,Southampton,"Oslo,NorwayBayonne,NJ",male,no
2nd,"Faunthorpe,MrHarry",NA,Southampton,"England/Philadelphia,PA",male,no
2nd,"Faunthorpe,MrsLizzie(seeWilkinson,E.)",NA,,,female,yes
2nd,"Fillbrook,MrCharles",NA,Southampton,"Cornwall/Houghton,MI",male,no
2nd,"Fox,MrStanleyH.",38,Southampton,"Rochester,NY",male,no
2nd,"Frost,MrAnthony(Archie)W.",NA,,Belfast,male,no
2nd,"Funk,MissAnnieC.",38,Southampton,"Janjgir,India/Pennsylvania",female,no
2nd,"Fynney,MrJosephJ.",35,Southampton,"Liverpool/Montreal,PQ",male,no
2nd,"Gale,MrHarry",35,Southampton,"Cornwall/ClearCreek,CO",male,no
2nd,"Gale,MrShadrach",38,Southampton,"Cornwall/ClearCreek,CO",male,no
2nd,"Garside,MissEthel",24,Southampton,"Brooklyn,NY",female,yes
2nd,"Gaskell,MrAlfred",16,Southampton,"Liverpool/Montreal,PQ",male,no
2nd,"Gavey,MrLawrence",26,Southampton,"Guernsey/Elizabeth,NJ",male,no
2nd,"Gilbert,MrWilliam",45,Southampton,Cornwall,male,no
2nd,"Giles,MrEdgar",24,Southampton,"Cornwall/Camden,NJ",male,no
2nd,"Giles,MrFrederick",21,Southampton,"Cornwall/Camden,NJ",male,no
2nd,"Giles,MrRalph",22,Southampton,"WestKensington,London",male,no
2nd,"Gill,MrJohnW.",NA,Southampton,"Clevedon,England",male,no
2nd,"Gillespie,MrWilliam",34,Southampton,"Vancouver,BC",male,no
2nd,"Givard,MrHansChristensen",30,Southampton,,male,no
2nd,"Greenberg,MrSamuel",50,Southampton,"Bronx,NY",male,no
2nd,"Hale,MrReginald",30,Southampton,"Auburn,NY",male,no
2nd,"Hamalainen,MrsWilliam(Anna)",23,Southampton,"Detroit,MI",female,yes
2nd,"Hamalainen,MasterViljo",1,Southampton,"Detroit,MI",male,yes
2nd,"Harbeck,MrWilliamH.",44,Southampton,"Seattle,WA/Toledo,OH",male,no
2nd,"Harper,RevJohn",28,Southampton,"DenmarkHill,Surrey/Chicago",male,no
2nd,"Harper,MissNina",6,Southampton,"DenmarkHill,Surrey/Chicago",female,yes
2nd,"Harris,MrGeorge",30,Southampton,London,male,yes
2nd,"Harris,MrWalter",NA,Southampton,"Walthamstow,England",male,no
2nd,"Hart,MrBenjamin",43,Southampton,"Ilford,Essex/Winnipeg,MB",male,no
2nd,"Hart,MrsBenjamin(Esther)",45,Southampton,"Ilford,Essex/Winnipeg,MB",female,yes
2nd,"Hart,MissEvaMiriam",7,Southampton,"Ilford,Essex/Winnipeg,MB",female,yes
2nd,"Herman,MissAlice",24,Southampton,"Somerset/Bernardsville,NJ",female,yes
2nd,"Herman,MissKate",24,Southampton,"Somerset/Bernardsville,NJ",female,yes
2nd,"Herman,MrSamuel",49,Southampton,"Somerset/Bernardsville,NJ",male,no
2nd,"Herman,MrsSamuel(JaneLaver)",48,Southampton,"Somerset/Bernardsville,NJ",female,yes
2nd,"Hewlett,MrsMaryD.",NA,Southampton,"India/RapidCity,SD",female,yes
2nd,"Hickman,MrLeonardMark",34,Southampton,"WestHampstead,London/Neepawa,MB",male,no
2nd,"Hickman,MrLewis",32,Southampton,"WestHampstead,London/Neepawa,MB",male,no
2nd,"Hickman,MrStanleyGeorge",21,Southampton,"WestHampstead,London/Neepawa,MB",male,no
2nd,"Hiltunen,MissMarta",18,Southampton,"Kontiolahti,Finland/Detroit,MI",female,no
2nd,"Hocking,MrsElizabeth",53,Southampton,"Cornwall/Akron,OH",female,yes
2nd,"Hocking,MrGeorge",23,Southampton,"Cornwall/Akron,OH",male,no
2nd,"Hocking,MissEllen(Nellie)",21,Southampton,"Cornwall/Akron,OH",female,yes
2nd,"Hocking,MrSamuelJames",NA,Southampton,"Devonport,England",male,no
2nd,"Hodges,MrHenryPrice",52,Southampton,Southampton,male,no
2nd,"Hold,MrStephen",42,Southampton,"England/Sacramento,CA",male,no
2nd,"Hold,MrsStephen(AnnieMargaret)",36,Southampton,"England/Sacramento,CA",female,yes
2nd,"Hood,MrAmbrose,Jr",21,Southampton,"NewForest,England",male,no
2nd,"Hosono,MrMasafumi",41,Southampton,"Tokyo,Japan",male,yes
2nd,"Howard,MrBenjamin",NA,Southampton,"Swindon,England",male,no
2nd,"Howard,MrsBenjamin(EllenTruelove)",NA,Southampton,"Swindon,England",female,no
2nd,"Hunt,MrGeorgeHenry",33,Southampton,"Philadelphia,PA",male,no
2nd,"Ilett,MissBertha",17,Southampton,Guernsey,female,yes
2nd,JacobsohnMrSidneySamuel,NA,Southampton,London,male,no
2nd,"Jacobsohn,MrsSidneySamuel(AmyFrancesChristy)",NA,Southampton,London,female,yes
2nd,"Jarvis,MrJohnDenzil",NA,Southampton,"NorthEvington,England",male,no
2nd,"Jefferys,MrClifford",NA,Southampton,"Guernsey/Elizabeth,NJ",male,no
2nd,"Jefferys,MrErnest",NA,Southampton,"Guernsey/Elizabeth,NJ",male,no
2nd,"Jenkin,MrStephenCurnow",NA,Southampton,"StIves,Cornwall/Houghton,MI",male,no
2nd,"Jerwan,MrsAminS.(MarieThuillard)",23,Cherbourg,"NewYork,NY",female,yes
2nd,"Kantor,MrSinai",34,Southampton,"Moscow/Bronx,NY",male,no
2nd,"Kantor,MrsSinai(MiriamSternim)",NA,Southampton,"Moscow/Bronx,NY",female,yes
2nd,"Karnes,MrsJ.Frank(ClaireBennett)",22,Southampton,"India/Pittsburgh,PA",female,no
2nd,"Keane,MrDaniel",NA,Queenstown,,male,no
2nd,"Keane,MissNoraA.",NA,Queenstown,"Harrisburg,PA",female,yes
2nd,"Kelly,MrsFlorence(Fannie)",45,Southampton,"London/NewYork,NY",female,yes
2nd,"Kirkland,RevCharlesLeonard",NA,Queenstown,"Glasgow/Bangor,ME",male,no
2nd,"Knight,MrRobert",NA,,Belfast,male,no
2nd,"Kvillner,MrJohanHenrikJohannesson",31,Southampton,"Sweden/Arlington,NJ",male,no
2nd,"Lahtinen,RevWilliam",30,Southampton,"Minneapolis,MN",male,no
2nd,"Lahtinen,MrsWilliam(AnnaSylvan)",26,Southampton,"Minneapolis,MN",female,no
2nd,"Lamb,MrJohnJames",NA,Queenstown,,male,no
2nd,"Lemore,MrsAmelia",34,Southampton,"Chicago,IL",female,yes
2nd,"LaRoche,MrJoseph",26,Cherbourg,Paris/Haiti,male,no
2nd,"LaRoche,MrsJoseph(Juliet)",22,Cherbourg,Paris/Haiti,female,yes
2nd,"LaRoche,MissLouise",1,Cherbourg,Paris/Haiti,female,yes
2nd,"LaRoche,MissSimonne",3,Cherbourg,Paris/Haiti,female,yes
2nd,"Lehmann,MissBertha",NA,Cherbourg,"Berne,Switzerland/CentralCity,IA",female,yes
2nd,"Leitch,MissJessie",NA,Southampton,"London/Chicago,IL",female,yes
2nd,"Levy,MrReneJacques",NA,Cherbourg,"Montreal,PQ",male,no
2nd,"Leyson,MrRobertWilliamNorman",25,Southampton,,male,no
2nd,"Lingan,MrJohn",NA,Queenstown,,male,no
2nd,"Louch,MrCharlesAlexander",48,Southampton,"Weston-Super-Mare,Somerset",male,no
2nd,"Louch,MrsCharlesAlexander(AliceAdelaide)",NA,Southampton,"Weston-Super-Mare,Somerset",female,yes
2nd,"Mack,MrsMary",57,Southampton,"Southampton/NewYork,NY",female,no
2nd,"Malachard,MrNoel",NA,Cherbourg,Paris,male,no
2nd,"Mallet,MrAlbert",NA,Cherbourg,"Paris/Montreal,PQ",male,no
2nd,"Mallet,MrsAlbert(Antoinette)",NA,Cherbourg,"Paris/Montreal,PQ",female,yes
2nd,"Mallet,MasterAndre",2,Cherbourg,"Paris/Montreal,PQ",male,yes
2nd,"Mangiavacchi,MrSerafinoEmilio",NA,Cherbourg,"NewYork,NY",male,no
2nd,"Mantvila,RevJoseph",27,Southampton,"Worcester,MA",male,no
2nd,"Marshall,MrsKateLouisePhillips",19,Southampton,"Worcester,England",female,yes
2nd,"Matthews,MrWilliamJohn",30,Southampton,"StAustall,Cornwall",male,no
2nd,"Maybery,MrFrankH.",20,Southampton,"Weston-Super-Mare/MooseJaw,SK",male,no
2nd,"McCrae,MrArthurGordon",45,Southampton,"Sydney,Australia",male,no
2nd,"McCrie,MrJamesMatthew",NA,Southampton,"Sarnia,ON",male,no
2nd,"McKane,MrPeterD.",46,Southampton,"Rochester,NY",male,no
2nd,"Mellenger,MrsElizabethAnne",41,Southampton,"England/Bennington,VT",female,yes
2nd,"Mellenger,MissMadeleineViolet",13,Southampton,"England/Bennington,VT",female,yes
2nd,"Mellor,MrWilliamJohn",19,Southampton,"Chelsea,London",male,yes
2nd,"Meyer,MrAugust",30,Southampton,"Harrow-on-the-Hill,Middlesex",male,no
2nd,"Milling,MrJacobChristian",48,Southampton,"Copenhagen,Denmark",male,no
2nd,"Mitchell,MrHenryMichael",71,Southampton,"Guernsey/Montclair,NJand/orToledo,Ohio",male,no
2nd,"Moraweck,DrErnest",54,Southampton,"Frankfort,KY",male,no
2nd,"Morley,MrWilliam",NA,Southampton,"Petworth,Sussex",male,no
2nd,"Mudd,MrThomasC.",NA,Southampton,"Halesworth,England",male,no
2nd,"Myles,MrThomasFrancis",64,Queenstown,"Cambridge,MA",male,no
2nd,"Nasser(Nasrallah),MrNicholas",32,Cherbourg,"NewYork,NY",male,no
2nd,"Nasser(Nasrallah),MrsNicholas",18,Cherbourg,"NewYork,NY",female,yes
2nd,"Navratil,MasterEdmondRoger",2,Southampton,"Nice,France",male,yes
2nd,"Navratil,MrMichel",32,Southampton,"Nice,France",male,no
2nd,"Navratil,MasterMichelM.",3,Southampton,"Nice,France",male,yes
2nd,"Nesson,MrIsrael",26,Southampton,"Boston,MA",male,no
2nd,"Nicholls,MrJosephCharles",19,Southampton,"Cornwall/Hancock,MI",male,no
2nd,"Norman,MrRobertDouglas",NA,Southampton,Glasgow,male,no
2nd,"Nourney,MrAlfred(akaBaronvonDrachstedt)",20,Cherbourg,"Cologne,Germany",male,yes
2nd,"Nye,MrsElizabethRamell",29,Southampton,"Folkstone,Kent/NewYork,NY",female,yes
2nd,"Otter,MrRichard",39,Southampton,"MiddleburgHeights,OH",male,no
2nd,"Oxenham,MrPercyThomas",22,Southampton,"Pondersend,England/NewDurham,NJ",male,yes
2nd,"PadroyManent,MrJulian",NA,Cherbourg,"Spain/Havana,Cuba",male,yes
2nd,"Pain,DrAlfred",24,Southampton,"Hamilton,ON",male,no
2nd,"PallasyCastello,MrEmilio",NA,Cherbourg,"Spain/Havana,Cuba",male,yes
2nd,"Parker,MrCliffordR.",28,Southampton,"StAndrews,Guernsey",male,no
2nd,"Parkes,MrFrancis(Frank)",NA,,Belfast,male,no
2nd,"Parrish,MrsLutieDavis",50,Southampton,"WoodfordCounty,KY",female,yes
2nd,"Pengelly,MrFrederick",20,Southampton,"Gunnislake,England/Butte,MT",male,no
2nd,"Peruschitz,Rev.JosephM.",40,Southampton,,male,no
2nd,"Phillips,MissAlice",42,Southampton,"Ilfracombe,Devon",female,yes
2nd,"Phillips,MrRobert",21,Southampton,"Ilfracombe,Devon",male,no
2nd,"Pinsky,MissRosa",32,Southampton,Russia,female,yes
2nd,"Ponesell,MrMartin",34,Southampton,"Denmark/NewYork,NY",male,no
2nd,"Portaluppi,MrEmilio",NA,Cherbourg,"Milford,NH",male,yes
2nd,"Pulbaum,MrFrank",NA,Cherbourg,Paris,male,no
2nd,"Quick,MrsFrederickC.(JaneRichards)",33,Southampton,"Plymouth,Devon/Detroit,MI",female,yes
2nd,"Quick,MissPhyllisMay",2,Southampton,"Plymouth,Devon/Detroit,MI",female,yes
2nd,"Quick,MissWinifredVera",8,Southampton,"Plymouth,Devon/Detroit,MI",female,yes
2nd,"Reeves,MrDavid",36,Southampton,"Brighton,Sussex",male,no
2nd,"Renouf,MrPeterHenry",34,Southampton,"Elizabeth,NJ",male,no
2nd,"Renouf,MrsPeterHenry(LillianJefferys)",30,Southampton,"Elizabeth,NJ",female,yes
2nd,"Reynaldo,MrsEncarnacion",28,Southampton,Spain,female,yes
2nd,"Richard,MrEmil",23,Cherbourg,"Paris/Montreal,PQ",male,no
2nd,"Richards,MasterGeorgeSidney",0.8333,Southampton,"Cornwall/Akron,OH",male,yes
2nd,"Richards,MrsSidney(EmilyHocking)",25,Southampton,"Cornwall/Akron,OH",female,yes
2nd,"Richards,MasterWilliamRowe",3,Southampton,"Cornwall/Akron,OH",male,yes
2nd,"Ridsdale,MissLucy",50,Southampton,"London,England/Marietta,OhioandMilwaukee,WI",female,yes
2nd,"Rogers,MrHarry",NA,Southampton,,male,no
2nd,"Rugg,MissEmily",21,Southampton,"Guernsey/Wilmington,DE",female,yes
2nd,"Sedgwick,MrCharlesFrederickWaddington",NA,Southampton,Liverpool,male,no
2nd,"Sharp,MrPercival",NA,Southampton,"Hornsey,England",male,no
2nd,"Shelley,MrsWilliam(Imanita)",25,Southampton,"DeerLodge,MT",female,yes
2nd,"Silven,MissLyyli",18,Southampton,"Finland/Minneapolis,MN",female,yes
2nd,"Sincock,MissMaude",20,Southampton,"Cornwall/Hancock,MI",female,yes
2nd,"Siukonnen,MissAnna",30,Southampton,"Finland/Washington,DC",female,yes
2nd,"Sjostedt,MrErnstAdolf",59,Southampton,"SaultStMarie,ON",male,no
2nd,"Slayter,MissHildaMary",30,Queenstown,"Halifax,NS",female,yes
2nd,"Slemen,MrRichardJames",35,Southampton,Cornwall,male,no
2nd,"Smith(Schmidt),MrAugustus",22,Southampton,"Newark,NJ",male,no
2nd,"Smith,MissMarion",NA,Southampton,,female,yes
2nd,"Sobey,MrHayden",25,Southampton,"Cornwall/Houghton,MI",male,no
2nd,"Stanton,MrSamuelWard",41,Cherbourg,"NewYork,NY",male,no
2nd,"Stokes,MrPhilipJoseph",25,Southampton,"Catford,Kent/Detroit,MI",male,no
2nd,"Sweet,MrGeorge",14,Southampton,"Somerset/Bernardsville,NJ",male,no
2nd,"Toomey,MissEllen",50,Southampton,"Indianapolis,IN",female,yes
2nd,"Troupiansky,MrMosesAaron",22,Southampton,,male,no
2nd,"Trout,MrsWilliamH.(JessieL.)",NA,Southampton,"Columbus,OH",female,yes
2nd,"Troutt,MissEdwinaCelia",27,Southampton,"Bath,England/Massachusetts",female,yes
2nd,"Turpin,MrWilliamJohn",29,Southampton,"Plymouth,England",male,no
2nd,"Turpin,MrsWilliamJohn(DorothyAnneWonnacott)",27,Southampton,"Plymouth,England",female,no
2nd,"Veale,MrJames",30,Southampton,"Barre,CoWashington,VT",male,no
2nd,"Waelens,MrAchille",22,Southampton,"Antwerp,Belgium/Stanton,OH",male,no
2nd,"Walcroft,MissNellie",35,Southampton,"Mamaroneck,NY",female,yes
2nd,"Ware,MrJohnJames",30,Southampton,"Bristol,England/NewBritain,CT",male,no
2nd,"Ware,MrsJohnJames(FlorenceLouiseLong)",28,Southampton,"Bristol,England/NewBritain,CT",female,yes
2nd,"Ware,MrWilliamJ.",23,Southampton,,male,no
2nd,"Watson,MrEnnisHastings",NA,Southampton,Belfast,male,no
2nd,"Watt,MissBertha",12,Southampton,"Aberdeen/Portland,OR",female,yes
2nd,"Watt,MrsJames(BessieInglisMilne)",40,Southampton,"Aberdeen/Portland,OR",female,yes
2nd,"Webber,MissSusan",36,Southampton,"England/Hartford,CT",female,yes
2nd,"Weisz,MrLeopold",28,Southampton,"Bromsgrove,England/Montreal,PQ",male,no
2nd,"Weisz,MrsLeopold(Mathilde)",32,Southampton,"Bromsgrove,England/Montreal,PQ",female,yes
2nd,"Wells,MrsArthurH.(AddieTrevaskis)",29,Southampton,"Cornwall/Akron,OH",female,yes
2nd,"Wells,MissJoan",4,Southampton,"Cornwall/Akron,OH",female,yes
2nd,"Wells,MasterRalphLester",2,Southampton,"Cornwall/Akron,OH",male,yes
2nd,"West,MissBarbaraJ.",NA,Southampton,"Bournmouth,England",female,yes
2nd,"West,MissConstanceMirium",NA,Southampton,"Bournmouth,England",female,yes
2nd,"West,MrEdwyArthur",36,Southampton,"Bournmouth,England",male,no
2nd,"West,MrsEdwyArthur(AdaMary)",33,Southampton,"Bournmouth,England",female,yes
2nd,"Wheadon,MrEdward",NA,Southampton,"Guernsey,England/Edgewood,RI",male,no
2nd,"Wheeler,MrEdwin",NA,Southampton,,male,no
2nd,"Wheeler,MrFrederick",NA,,,male,no
2nd,"Wilhelms,MrCharles",32,Southampton,"London,England",male,yes
2nd,"Wilkinson,MrsElizabethAnne",NA,Southampton,"Manchester,England",female,yes
2nd,"Williams,MrCharlesEugene",NA,Southampton,"Harrow,England",male,yes
2nd,"Wright,MissMarion",26,Southampton,"Yoevil,England/CottageGrove,OR",female,yes
2nd,"Yrois,MissHenriette",NA,Southampton,Paris,female,no
2nd,"Aldworth,MrCharlesAugustus",30,Southampton,"BrynMawr,PA,USA",male,no
2nd,"Brown,MissMildred",24,Southampton,"London/Montreal,PQ",female,yes
2nd,"Pernot,MrRene",NA,Cherbourg,,male,no
2nd,"Swane,MrGeorge",18,Southampton,,male,no
3rd,"Abbing,MrAnthony",42,Southampton,,male,no
3rd,"Abbott,MasterEugeneJoseph",13,Southampton,"EastProvidence,RI",male,no
3rd,"Abbott,MrRossmoreEdward",16,Southampton,"EastProvidence,RI",male,no
3rd,"Abbott,MrsStanton(Rosa)",35,Southampton,"EastProvidence,RI",female,yes
3rd,"Abelseth,MissAnnaKaren",16,Southampton,"NorwayLosAngeles,CA",female,yes
3rd,"Abelseth,MrOlaus",25,Southampton,"PerkinsCounty,SD",male,yes
3rd,"Abraham,MrsJoseph(SophieEasu)",18,Cherbourg,"Greensburg,PA",female,yes
3rd,"Abrahamsson,MrAugust",20,Southampton,"Taalintehdas,FinlandHoboken,NJ",male,yes
3rd,"Adahl,MrMauritzNilsMartin",30,Southampton,"Asarum,SwedenBrooklyn,NY",male,no
3rd,"Adams,MrJohn",26,Southampton,"Bournemouth,England",male,no
3rd,"Ahlin,MrsJohannaPersdotter",40,Southampton,"SwedenAkeley,MN",female,no
3rd,"Ahmed,MrAli",24,Southampton,,male,no
3rd,"Aijo-Nirva,MrIsak",41,Southampton,"FinlandSudbury,ON",male,no
3rd,"Aks,MrsSam(LeahRosen)",18,Southampton,"London,EnglandNorfolk,VA",female,yes
3rd,"Aks,MasterPhilip",0.8333,Southampton,"London,EnglandNorfolk,VA",male,yes
3rd,"Alexander,MrWilliam",23,Southampton,"EnglandAlbion,NY",male,no
3rd,"Alhomaki,MrIlmariRudolf",20,Southampton,"Salo,FinlandAstoria,OR",male,no
3rd,"Ali,MrWilliam",25,Southampton,Argentina,male,no
3rd,"Allen,MrWilliamHenry",35,Southampton,"LowerClapton,MiddlesexorErdington,Birmingham",male,no
3rd,"Allum,MrOwenGeorge",17,Southampton,"Windsor,EnglandNewYork,NY",male,no
3rd,"Andersen,MrAlbertKarvin",32,Southampton,"Bergen,Norway",male,no
3rd,"Andersen,MrThorOlsvigen",20,Southampton,"Oslo,NorwayCameron,WI",male,no
3rd,"Andersson,MrAndersJohan",39,Southampton,"SwedenWinnipeg,MN",male,no
3rd,"Andersson,MrsAndersJohan(AlfridaK.Brogren)",39,Southampton,"SwedenWinnipeg,MN",female,no
3rd,"Andersson,MissEbbaIris",6,Southampton,"SwedenWinnipeg,MN",female,no
3rd,"Andersson,MissEllisAnnaMaria",2,Southampton,"SwedenWinnipeg,MN",female,no
3rd,"Andersson,MissErna",17,Southampton,"Ruotsinphyhtaa,FinlandNewYork,NY",female,yes
3rd,"Andersson,MissIdaAugustaMargareta",38,Southampton,"Vadsbro,SwedenMinistee,MI",female,no
3rd,"Andersson,MissIngeborgConstancia",9,Southampton,"SwedenWinnipeg,MN",female,no
3rd,"Andersson,MrJohanSamuel",26,Southampton,"Hartford,CT",male,no
3rd,"Andersson,MissSigridElizabeth",11,Southampton,"SwedenWinnipeg,MN",female,no
3rd,"Andersson,MasterSigvardHaraldElias",4,Southampton,"SwedenWinnipeg,MN",male,no
3rd,"Andreasson,MrPaulEdvin",20,Southampton,"SwedenChicago,IL",male,no
3rd,"Angheloff,MrMinko",26,Southampton,"BulgariaChicago,IL",male,no
3rd,"Arnold,MrJosef",25,Southampton,"Altdorf,Switzerland",male,no
3rd,"Arnold,MrsJosef(JosephineFrank)",18,Southampton,"Altdorf,Switzerland",female,no
3rd,"Aronsson,MrErnstAxelAlgot",24,Southampton,"SwedenJoliet,IL",male,no
3rd,"Asim,MrAdola",35,Southampton,,male,no
3rd,"Asplund,MrCarlOscarVilhelmGustafsson",40,Southampton,"SwedenWorcester,MA",male,no
3rd,"Asplund,MrsCarlOscar(SelmaAugustaJohansson)",38,Southampton,"SwedenWorcester,MA",female,yes
3rd,"Asplund,MasterCarlEdgar",5,Southampton,"SwedenWorcester,MA",male,no
3rd,"Asplund,MasterClarenceGustafHugo",9,Southampton,"SwedenWorcester,MA",male,no
3rd,"Aspland,MasterEdvinRojjFelix",3,Southampton,"SwedenWorcester,MA",male,yes
3rd,"Asplund,MasterFilipOscar",13,Southampton,"SwedenWorcester,MA",male,no
3rd,"Asplund,MrJohnCharles",23,Southampton,"Oskarshamn,SwedenMinneapolis,MN",male,yes
3rd,"Asplund,MissLillianGertrud",5,Southampton,"SwedenWorcester,MA",female,yes
3rd,"Assaf,MrGerios",NA,Cherbourg,"Ottawa,ON",male,no
3rd,"Assaf,MrsMariana",45,Cherbourg,"Ottawa,ON",female,yes
3rd,"Assam,MrAli",23,Southampton,,male,no
3rd,"Attalah,MissMalaka",17,Cherbourg,,female,no
3rd,"Attala(Kalil),MrSolomon",27,Cherbourg,"Ottawa,ON",male,no
3rd,"Augustsson,MrAlbert",23,Southampton,"Krakoryd,SwedenBloomington,IL",male,no
3rd,"Baccos,MrRafoul",20,Cherbourg,,male,no
3rd,"Backstrom,MrKarlAlfred",32,Southampton,"Ruotsinphytaa,FinlandNewYork,NY",male,no
3rd,"Backstrom,MrsKarlAlfred(MariaMathildaGustafsson)",33,Southampton,"Ruotsinphytaa,FinlandNewYork,NY",female,yes
3rd,"Baclini,MissEugenie",3,Cherbourg,"SyriaNewYork,NY",female,yes
3rd,"Baclini,MissHelene",NA,Cherbourg,"SyriaNewYork,NY",female,yes
3rd,"Baclini,MissMaria",NA,Cherbourg,"SyriaNewYork,NY",female,yes
3rd,"Baclini,MrsSolomon(Latifa)",NA,Cherbourg,"SyriaNewYork,NY",female,yes
3rd,"Badman,MissEmilyLouisa",18,Southampton,"LondonSkanteales,NY",female,yes
3rd,"Badt,MrMohamed",40,Cherbourg,,male,no
3rd,"Balkic,MrCerin",26,Southampton,,male,no
3rd,"Banoura,MissAyout",15,Cherbourg,"SyriaYoungstown,OH",female,yes
3rd,"Barbara,MrsCatherine",45,Cherbourg,"SyriaOttawa,ON",female,no
3rd,"Barbara,MissSaude",18,Cherbourg,"SyriaOttawa,ON",female,no
3rd,"Barry,MissJulia",27,Queenstown,"NewYork,NY",female,no
3rd,BartonMrDavid,22,Southampton,"EnglandNewYork,NY",male,no
3rd,"Beavan,MrWilliamThomas",19,Southampton,England,male,no
3rd,"Bengtsson,MrJohnViktor",26,Southampton,"Krakudden,SwedenMoune,IL",male,no
3rd,Berglund.MrKarlIvarSven,22,Southampton,"Tranvik,FinlandNewYork",male,no
3rd,"Betros,MrTannous",20,Cherbourg,Syria,male,no
3rd,"Bing,MrLee",32,Southampton,"HongKongNewYork,NY",male,yes
3rd,"Birkeland,MrHans",21,Southampton,"Brennes,NorwayNewYork",male,no
3rd,"Bjorklund,ErnstHerbert",18,Southampton,"Stockholm,SwedenNewYork",male,no
3rd,"Bostandyeff,MrGuentcho",26,Southampton,"BulgariaChicago,IL",male,no
3rd,"Boulos,MasterAkar",6,Cherbourg,"SyriaKent,ON",male,no
3rd,"Boulos,MrHanna",NA,Cherbourg,Syria,male,no
3rd,"Boulos,MrsJoseph(Sultana)",NA,Cherbourg,"SyriaKent,ON",female,no
3rd,"Boulos,MissLaura",9,Cherbourg,"SyriaKent,ON",female,no
3rd,"Bourke,MrJohn",40,Queenstown,"IrelandChicago,IL",male,no
3rd,"Bourke,MrsJohn(Catherine)",32,Queenstown,"IrelandChicago,IL",female,no
3rd,"Bourke,MissMary",NA,Queenstown,"IrelandChicago,IL",female,no
3rd,"Bowen,MrDavid",26,Southampton,"Treherbert,Cardiff,Wales",male,no
3rd,"Bradley,MissBridgetDelia",18,Queenstown,"Kingwilliamstown,CoCork,IrelandGlensFalls,NY",female,yes
3rd,"Braf,MissElinEsterMaria",20,Southampton,"Medeltorp,SwedenChicago,IL",female,no
3rd,"Brahim,MrYoussef",NA,Cherbourg,,male,no
3rd,"Braund,MrLewisRichard",29,Southampton,"Bridgerule,Devon",male,no
3rd,"Braund,MrOwenHarris",22,Southampton,"Bridgerule,Devon",male,no
3rd,"Brobek,MrKarlRudolf",22,Southampton,"SwedenWorcester,MA",male,no
3rd,"Brocklebank,MrWilliamAlfred",35,Southampton,"Broomfield,Chelmsford,England",male,no
3rd,"Buckley,MrDaniel",21,Queenstown,"Kingwilliamstown,CoCork,IrelandNewYork,NY",male,yes
3rd,"Buckley,MissKatherine",20,Queenstown,"CoCork,IrelandRoxbury,MA",female,no
3rd,"Burke,MrJeremiah",19,Queenstown,"CoCork,IrelandCharlestown,MA",male,no
3rd,"Burns,MissMaryDelia",18,Queenstown,"CoSligo,IrelandNewYork,NY",female,no
3rd,"Cacic,MrGrego",18,Southampton,Croatia,male,no
3rd,"Cacic,MrLuka",38,Southampton,Croatia,male,no
3rd,"Cacic,MrManda",NA,Southampton,Croatia,male,no
3rd,"Cacic,MrMaria",30,Southampton,Croatia,male,no
3rd,"Calic,MrPeter",17,Southampton,,male,no
3rd,"Canavan,MissMary",21,Queenstown,,female,no
3rd,"Canavan,MrPatrick",21,Queenstown,"IrelandPhiladelphia,PA",male,no
3rd,"Cann,MrErnest",21,Southampton,,male,no
3rd,"Caram(Kareem),MrJoseph",NA,Cherbourg,"Ottawa,ON",male,no
3rd,"Caram(Kareem),MrsJoseph(MariaElias)",NA,Cherbourg,"Ottawa,ON",female,no
3rd,"Carlsson,MrCarlRobert",24,Southampton,"Goteborg,SwedenHuntley,IL",male,no
3rd,"Carlsson,MrFransOlof",33,Southampton,"NewYork,NY",male,no
3rd,"Carlsson,MrJulius",33,Southampton,,male,no
3rd,"Carlsson,MrAugustSigfrid",28,Southampton,"Dagsas,SwedenFower,MN",male,no
3rd,"Carr,MissHelen",16,Queenstown,"CoLongford,IrelandNewYork,NY",female,yes
3rd,"Carr,MissJeannie",37,Queenstown,"CoSligo,IrelandHartford,CT",female,no
3rd,"Carver,MrAlfredJohn",28,Southampton,"StDenys,Southampton,Hants",male,no
3rd,"Cassem,MrNassefBelmenly",NA,Cherbourg,"SyriaFredericksburg,VA",male,yes
3rd,"Celotti,MrFrancesco",24,Southampton,London,male,no
3rd,"Chartens,MrDavid",21,Southampton,"IrelandNewYork,NY",male,no
3rd,"Chebab,MrEmirFarres",NA,Cherbourg,,male,no
3rd,"Chip,MrChang",32,Southampton,"HongKongNewYork,NY",male,no
3rd,"Christmann,MrEmil",29,Southampton,,male,no
3rd,"Chronopoulos,MrApostolos",26,Cherbourg,Greece,male,no
3rd,"Chronopoulos,MrDemetrios",18,Cherbourg,Greece,male,no
3rd,"Coelho,MrDomingosFernandes",20,Southampton,Portugal,male,no
3rd,"Cohen,MrGurshon(Gus)",19,Southampton,"LondonBrooklyn,NY",male,yes
3rd,"Colbert,MrPatrick",24,Queenstown,"CoLimerick,IrelandSherbrooke,PQ",male,no
3rd,"Coleff,MrFotio",24,Southampton,,male,no
3rd,"Coleff,MrPeyo",36,Southampton,"BulgariaChicago,IL",male,no
3rd,"Conlin,MrThomasHenry",31,Queenstown,"Philadelphia,PA",male,no
3rd,"Connaghton,MrMichael",31,Queenstown,"IrelandBrooklyn,NY",male,no
3rd,"Connolly,MissKate",30,Queenstown,Ireland,female,no
3rd,"Connolly,MissKate",22,Queenstown,Ireland,female,yes
3rd,"Connors,MrPatrick",NA,Queenstown,,male,no
3rd,"Cook,MrJacob",43,Southampton,,male,no
3rd,"Cor,MrBartol",35,Southampton,Austria,male,no
3rd,"Cor,MrIvan",27,Southampton,Austria,male,no
3rd,"Cor,MrLudovik",19,Southampton,Austria,male,no
3rd,"Corn,MrHarry",30,Southampton,London,male,no
3rd,"Coutts,MrsWilliam(Minnie)",36,Southampton,"EnglandBrooklyn,NY",female,yes
3rd,"Coutts,MasterNeville",3,Southampton,"EnglandBrooklyn,NY",male,yes
3rd,"Coutts,MasterWilliamLeslie",9,Southampton,"EnglandBrooklyn,NY",male,yes
3rd,"Coxon,MrDaniel",59,Southampton,"Merrill,WI",male,no
3rd,"Crease,MrErnestJames",19,Southampton,"Bristol,EnglandCleveland,OH",male,no
3rd,"Cribb,MrJohnHatfield",44,Southampton,"Bournemouth,EnglandNewark,NJ",male,no
3rd,"Cribb,MissLauraAlice",17,Southampton,"Bournemouth,EnglandNewark,NJ",female,yes
3rd,"Daher,MrTannous",NA,Cherbourg,,male,no
3rd,"Dahl,MrCharlesEdward",45,Southampton,"AustraliaFingal,ND",male,yes
3rd,"Dahlberg,MissGerdaUlrika",22,Southampton,"Norrlot,SwedenChicago,IL",female,no
3rd,"Dakic,MrBranko",19,Southampton,Austria,male,no
3rd,"Daly,MrEugene",29,Queenstown,"CoAthlone,IrelandNewYork,NY",male,yes
3rd,"Daly,MissMarcella",30,Queenstown,"CoAthlone,IrelandNewYork,NY",female,yes
3rd,"Danbom,MrErnstGilbert",34,Southampton,"Stanton,IA",male,no
3rd,"Danbom,MrsErnstGilbert(AnnaSigridMariaBrogren)",28,Southampton,"Stanton,IA",female,no
3rd,"Danbom,MasterGilbertSigvardEmanuel",0.3333,Southampton,"Stanton,IA",male,no
3rd,"Danoff,MrYoto",27,Southampton,"BulgariaChicago,IL",male,no
3rd,"Dantchoff,MrKhristo",25,Southampton,"BulgariaChicago,IL",male,no
3rd,"Davies,MrAlfred",24,Southampton,"WestBromwich,EnglandPontiac,MI",male,no
3rd,"Davies,MrEvan",22,Southampton,,male,no
3rd,"Davies,MrJohn",21,Southampton,"WestBromwich,EnglandPontiac,MI",male,no
3rd,"Davies,MrJoseph",17,Southampton,"WestBromwich,EnglandPontiac,MI",male,no
3rd,"Davison,MrThomasHenry",NA,Southampton,"Liverpool,EnglandBedford,OH",male,no
3rd,"Davison,MrsThomasHenry(MaryFinck)",NA,Southampton,"Liverpool,EnglandBedford,OH",female,yes
3rd,"Dean,MrBertram",26,Southampton,"Devon,EnglandWichita,KS",male,no
3rd,"Dean,MrsBertram(Eva)",33,Southampton,"Devon,EnglandWichita,KS",female,yes
3rd,"Dean,MasterBertramVere",1,Southampton,"Devon,EnglandWichita,KS",male,yes
3rd,"Dean,MissElizabethGladys(Millvena)",0.1667,Southampton,"Devon,EnglandWichita,KS",female,yes
3rd,"Delalic,MrRegyo",25,Southampton,,male,no
3rd,"DeMessemaeker,MrWilliamJoseph",36,Southampton,"Tampico,MT",male,yes
3rd,"DeMessemaeker,MrsWilliamJoseph(Anna)",36,Southampton,"Tampico,MT",female,yes
3rd,"DeMulder,MrTheo",30,Southampton,"BelgiumDetroit,MI",male,yes
3rd,"Denkoff,MrMito",NA,Southampton,"BulgariaCoonRapids,IA",male,no
3rd,"Dennis,MrSamuel",23,Southampton,,male,no
3rd,"Dennis,MrWilliam",26,Southampton,,male,no
3rd,"Devaney,MissMargaret",19,Queenstown,"Kilmacowen,CoSligo,IrelandNewYork,NY",female,yes
3rd,"Dewan,MrFrank",65,Queenstown,,male,no
3rd,"Dibo,MrElias",NA,Cherbourg,,male,no
3rd,"Dimic,MrJovan",42,Southampton,,male,no
3rd,"Dintcheff,MrValtcho",43,Southampton,,male,no
3rd,"Dooley,MrPatrick",32,Queenstown,"IrelandNewYork,NY",male,no
3rd,"Dorkings,MrEdwardArthur",19,Southampton,"EnglandOglesby,IL",male,yes
3rd,"Dowdell,MissElizabeth",30,Southampton,"UnionHill,NJ",female,yes
3rd,"Doyle,MissElizabeth",24,Queenstown,"IrelandNewYork,NY",female,no
3rd,"Drapkin,MissJennie",23,Southampton,"LondonNewYork,NY",female,yes
3rd,"Drazonovic,MrJosef",NA,Cherbourg,"AustriaNiagaraFalls,NY",male,no
3rd,"Driscoll,MissBridget",24,Queenstown,"Ballydehob,CoCork,IrelandNewYork,NY",female,yes
3rd,"Duquemin,MrJoseph",24,Southampton,"EnglandAlbion,NY",male,yes
3rd,"Dyker,MrAdolfFredrik",23,Southampton,"WestHaven,CT",male,no
3rd,"Dyker,MrsAdolfFredrik(AnnaElizabethJudithAndersson)",22,Southampton,"WestHaven,CT",female,yes
3rd,"Econovic,MrJoso",NA,Southampton,Austria-Hungary,male,no
3rd,"Edvardsson,MrGustafHjalmar",18,Southampton,"Tofta,SwedenJoliet,IL",male,no
3rd,"Eklund,MrHansLinus",16,Southampton,"Karberg,SwedenJeromeJunction,AZ",male,no
3rd,"Ekstrom,MrJohan",45,Southampton,"EffingtonRut,SD",male,no
3rd,"Elias,MrElias",NA,Cherbourg,Syria,male,no
3rd,"Elias,MrJohn",NA,Cherbourg,Syria,male,no
3rd,"Elias,MrJoseph",NA,Cherbourg,"SyriaOttawa,ON",male,no
3rd,"Elsbury,MrJames",47,Southampton,"Illinois,USA",male,no
3rd,"Emanuel,MissVirginiaEthel",5,Southampton,"NewYork,NY",female,yes
3rd,"Emmeth,MrThomas",NA,Southampton,,male,no
3rd,"Everett,ThomasJames",NA,Southampton,,male,no
3rd,"Farrell,MrJames",NA,Queenstown,"Aughnacliff,CoLongford,IrelandNewYork,NY",male,no
3rd,"Finoli,MrLuigi",NA,Southampton,"ItalyPhiladelphia,PA",male,yes
3rd,"Fischer,MrEberhardTelander",NA,Southampton,,male,no
3rd,"Flynn,MrJames",NA,Queenstown,,male,no
3rd,"Flynn,MrJohn",NA,Queenstown,,male,no
3rd,"Foley,MrJoseph",NA,Queenstown,"IrelandChicago,IL",male,no
3rd,"Foley,MrWilliam",NA,Queenstown,Ireland,male,no
3rd,"Foo,MrChoong",NA,Southampton,"HongKongNewYork,NY",male,yes
3rd,"Ford,MrArthur",NA,Southampton,"Bridgwater,Somerset,England",male,no
3rd,"Ford,MissDoolinaMargaret",21,Southampton,"Rotherfield,Sussex,EnglandEssexCo,MA",female,no
3rd,"Ford,MrEdwardWatson",18,Southampton,"Rotherfield,Sussex,EnglandEssexCo,MA",male,no
3rd,"Ford,MissMaggie",9,Southampton,"Rotherfield,Sussex,EnglandEssexCo,MA",female,no
3rd,"Ford,MrsEdward(MargaretAnn)",48,Southampton,"Rotherfield,Sussex,EnglandEssexCo,MA",female,no
3rd,"Ford,MrNeilWatson",16,Southampton,"Rotherfield,Sussex,EnglandEssexCo,MA",male,no
3rd,"Fox,MrPatrick",NA,Queenstown,"IrelandNewYork,NY",male,no
3rd,"Franklin,MrCharles",NA,Southampton,,male,no
3rd,"Gallagher,MrMartin",25,Queenstown,"NewYork,NY",male,no
3rd,"Garfirth,MrJohn",NA,Southampton,,male,no
3rd,"Georges,MrsShahiniWeappi",NA,Cherbourg,"Youngstown,OH",female,yes
3rd,"Gilinski,MrLeslie",22,Southampton,,male,no
3rd,"Gilnagh,MissKatie",16,Queenstown,"CoLongford,IrelandNewYork,NY",female,yes
3rd,"Glynn,MissMaryAgatha",NA,Queenstown,"CoClare,IrelandWashington,DC",female,yes
3rd,"Goldsmith,MrFrankJohn",33,Southampton,"Strood,Kent,EnglandDetroit,MI",male,no
3rd,"Goldsmith,MrsFrankJohn(EmilyA.Brown)",NA,Southampton,"Strood,Kent,EnglandDetroit,MI",female,yes
3rd,"Goldsmith,MasterFrankJohnWilliam",9,Southampton,"Strood,Kent,EnglandDetroit,MI",male,yes
3rd,"Goldsmith,MrNathan",41,Southampton,"Philadelphia,PA",male,no
3rd,"Goncalves,MrManuelEstanslas",38,Southampton,Portugal,male,no
3rd,"Goodwin,MrFrederick",40,Southampton,"Wiltshire,EnglandNiagaraFalls,NY",male,no
3rd,"Goodwin,MrsFrederick(Augusta)",43,Southampton,"Wiltshire,EnglandNiagaraFalls,NY",female,no
3rd,"Goodwin,MrCharlesE.",14,Southampton,"Wiltshire,EnglandNiagaraFalls,NY",male,no
3rd,"Goodwin,MissLillianA.",16,Southampton,"Wiltshire,EnglandNiagaraFalls,NY",female,no
3rd,"Goodwin,MasterHaroldV.",9,Southampton,"Wiltshire,EnglandNiagaraFalls,NY",male,no
3rd,"Goodwin,MissJessieA.",10,Southampton,"Wiltshire,EnglandNiagaraFalls,NY",female,no
3rd,"Goodwin,MasterSidneyL.",6,Southampton,"Wiltshire,EnglandNiagaraFalls,NY",male,no
3rd,"Goodwin,MasterWilliamF.",11,Southampton,"Wiltshire,EnglandNiagaraFalls,NY",male,no
3rd,"Green,MrGeorge",40,Southampton,"Dorking,Surrey,England",male,no
3rd,"Gronnestad,MrDanielDanielsen",32,Southampton,"Foresvik,NorwayPortland,ND",male,no
3rd,"Guest,MrRobert",NA,Southampton,,male,no
3rd,"Gustafsson,MrAlfredOssian",20,Southampton,"Waukegan,Chicago,IL",male,no
3rd,"Gustafsson,MrAndersVilhelm",37,Southampton,"Ruotsinphytaa,FinlandNewYork,NY",male,no
3rd,"Gustafsson,MrJohanBirger",28,Southampton,"Ruotsinphytaa,FinlandNewYork,NY",male,no
3rd,"Gustafsson,MrKarlGideon",19,Southampton,"Myren,SwedenNewYork,NY",male,no
3rd,"Haas,MissAloisia",NA,,,female,no
3rd,"Hagardon,MissKate",NA,,,female,no
3rd,"Hagland,MrIngvaldOlsen",NA,,,male,no
3rd,"Hagland,MrKonradMathiasReiersen",NA,,,male,no
3rd,"Hakkarainen,MrPekkoPietari",NA,,,male,no
3rd,"Hakkarainen,MrsPekkoPietari",NA,,,female,yes
3rd,"Hampe,MrLeon",NA,,,male,no
3rd,"Hansen,MrClausPeter",NA,,,male,no
3rd,"Hansen,MrsClausPeter",NA,,,female,yes
3rd,"Hansen,MrHenrikJuul",NA,,,male,no
3rd,"Hansen,MrHenryDamsgaard",NA,,,male,no
3rd,"Harknett,MissAlice",NA,,,female,no
3rd,"Harmer,MrAbraham",NA,,,male,no
3rd,"Hart,MrHenry",NA,,,male,no
3rd,"Hassan,MrM.Houssein",NA,,,male,no
3rd,"Healy,MissNora",NA,,,female,no
3rd,"Hedman,MrOscar",NA,,,male,yes
3rd,"Hee,MrLing",NA,,,male,no
3rd,"Hegarty,MissNora",NA,,,female,no
3rd,"Heikkinen,MissLaina",NA,,,female,yes
3rd,"Heininen,MissWendlaMaria",NA,,,female,no
3rd,"Hellstrom,HildaMaria",NA,,,female,yes
3rd,"Hemming,MissNora",NA,,,female,no
3rd,"Hendekovic,MrIgnaz",NA,,,male,no
3rd,"Henery,Delia",NA,,,female,no
3rd,"Henriksson,JennyLovisa",NA,,,female,no
3rd,"Hirvonen,MrsAlexander",NA,,,female,yes
3rd,"Hirvonen,MissHildurE.",NA,,,female,no
3rd,"Holm,MrJohnFrederikAlexander",NA,,,male,no
3rd,"Holthen,MrJohanMartin",NA,,,male,no
3rd,"Honkanen,MissEluna",NA,,,female,yes
3rd,"Horgan,MrJohn",NA,,,male,no
3rd,"Howard,MissMay",NA,,,female,yes
3rd,"Humblin,MrAdolfMathiasNicolaiOlsen",NA,,,male,no
3rd,"Hyman,MrAbraham",NA,,,male,yes
3rd,"Ilieff,MrYlio",NA,,,male,no
3rd,"Ilmakangas,MissIdaLivija",NA,,,female,no
3rd,"Ilmakangas,MissPietaSofia",NA,,,female,no
3rd,"Ivanoff,MrKonio",NA,,,male,no
3rd,"Jansen,MrCarlOlof",NA,,,male,yes
3rd,"Jardin,MrJoseNetto",NA,,,male,no
3rd,"Jensen,MissCarlaChristine",NA,,,female,yes
3rd,"Jensen,MrHansPeder",NA,,,male,no
3rd,"Jensen,MrNielsPeder",NA,,,male,no
3rd,"Jensen,MrSvendLauritz",NA,,,male,no
3rd,"Jermyn,MissAnnie",NA,,,female,yes
3rd,"Johannesen-Bratthammer,MrBernt",NA,,,male,no
3rd,"Johanson,MrJakobAlfred",NA,,,male,no
3rd,"Johansson,MrErik",NA,,,male,no
3rd,"Johansson,MrGustaffJoel",NA,,,male,no
3rd,"Johansson,MrKarlJohan",NA,,,male,yes
3rd,"Johansson,MrNils",NA,,,male,no
3rd,"Johansson,OscarL.",NA,,,male,yes
3rd,"Johnson,MrAlfred",NA,,,male,no
3rd,"Johnson,MissEleanorIleen",NA,,,female,yes
3rd,"Johnson,MrMalkolmJoackim",NA,,,male,no
3rd,"Johnson,MasterHaroldTheodor",NA,,,male,yes
3rd,"Johnson,MrsOscarW.",NA,,,female,no
3rd,"Johnson,MrWilliamCahooneJr.",NA,,,male,no
3rd,"Johnston,MrAndrewG.",NA,,,male,no
3rd,"Johnston,MrsAndrewG.",NA,,,female,no
3rd,"Johnston,MissCatherineH.",NA,,,female,no
3rd,"Johnston,MasterWilliamA.",NA,,,male,no
3rd,"Jonkoff,MrLazor",NA,,,male,no
3rd,"Jonsson,MrCarl",NA,,,male,yes
3rd,"Jonsson,NilsHilding",NA,,,male,no
3rd,"Jussila,MissAinaMaria",NA,,,female,no
3rd,"Jussila,MrErik",NA,,,male,yes
3rd,"Jussila,MissKatriina",NA,,,female,no
3rd,"Kallio,MrNikolaiErland",NA,,,male,no
3rd,"Kalvig,MrJohannesK.Halverson",NA,,,male,no
3rd,"Karajic,MrMilan",NA,,,male,no
3rd,"Karlsson,MrEinarGervasius",NA,,,male,yes
3rd,"Karlsson,MrJuliusKonradEugen",NA,,,male,no
3rd,"Karlsson,MrNilsAugust",NA,,,male,no
3rd,"Karun,MissAnnaMary",NA,,,female,yes
3rd,"Karun,MrFranz",NA,,,male,no
3rd,"Kassem,MrFared",NA,,,male,no
3rd,"Keane,MrAndrew",NA,,,male,no
3rd,"Keefe,MrArthur",NA,,,male,no
3rd,"Kekic,MrTido",NA,,,male,no
3rd,"Kelly,MissAnnaKate",NA,,,female,yes
3rd,"Kelly,MrJames",NA,,,male,no
3rd,"Kelly,MrJames",NA,,,male,no
3rd,"Kelly,MissMary",NA,,,female,yes
3rd,"Kennedy,MrJohn",NA,,,male,no
3rd,"Khalil,MrBetros",NA,,,male,no
3rd,"Khalil,MrsBetros",NA,,,female,no
3rd,"Khalil,MrSaad",NA,,,male,no
3rd,"Kiernan,MrJohn",NA,,,male,no
3rd,"Kiernan,MrPhilip",NA,,,male,no
3rd,"Kilgannon,MrThomas",NA,,,male,no
3rd,"Kink,MrAnton",NA,,,male,yes
3rd,"Kink,MrsAnton(LouiseHeilmann)",NA,,,female,no
3rd,"Kink,MissLouiseGretchen",NA,,,female,yes
3rd,"Kink,MissMaria",NA,,,female,no
3rd,"Kink,MrVincenz",NA,,,male,no
3rd,"Klasen,MissGertrudEmilia",NA,,,female,no
3rd,"Klasen,MrsHuldaKristina",NA,,,female,no
3rd,"Klasen,MrKlasAlbin",NA,,,male,no
3rd,"Kraeff,MrTheodor",NA,,,male,no
3rd,"Krekorian,MrNeshan",NA,,,male,yes
3rd,"Lahowd,MrSarkis",NA,,,male,no
3rd,"Laitinen,MissKritinaSofia",NA,,,female,no
3rd,"Laleff,MrKristo",NA,,,male,no
3rd,"Lam,MrAli",NA,,,male,yes
3rd,"Lam,MrLen",NA,,,male,no
3rd,"Landegren,MissAuroraAdelia",NA,,,female,yes
3rd,"Lane,MrPatrick",NA,,,male,no
3rd,"Lang,MrFang",NA,,,male,yes
3rd,"Larsson,MrAugustViktor",NA,,,male,no
3rd,"Larsson,MrBengtEdvin",NA,,,male,no
3rd,"Larsson-Rondberg,MrEdvard",NA,,,male,no
3rd,"Leeni,MrFahim",NA,,,male,yes
3rd,"Lefebre,MrsFrank",NA,,,female,no
3rd,"Lefebre,MasterHenry",NA,,,male,no
3rd,"Lefebre,MissIda",NA,,,female,no
3rd,"Lefebre,MissJeannie",NA,,,female,no
3rd,"Lefebre,MissMathilde",NA,,,female,no
3rd,"Leinonen,MrAnttiGustaf",NA,,,male,no
3rd,"Lemberopolous,MrPeterL.",NA,,,male,no
3rd,"Lemom,MrDenis",NA,,,male,no
3rd,"Lemon,MissMary",NA,,,female,no
3rd,"Leonard,MrLionel",NA,,,male,no
3rd,"Lester,MrJames",NA,,,male,no
3rd,"Lindahl,MissAgdaV.",NA,,,female,no
3rd,"Lindblom,MissAugustaCharlotta",NA,,,female,no
3rd,"Lindell,MrEdvardBengtsson",NA,,,male,no
3rd,"Lindell,MrsEdvardBengtsson",NA,,,female,no
3rd,"Lindqvist,EinoWilliam",NA,,,male,yes
3rd,"Linehan,MrMichael",NA,,,male,no
3rd,"Ling,MrLee",NA,,,male,no
3rd,"Lithman,MrSimon",NA,,,male,no
3rd,"Lobb,MrWilliamArthur",NA,,,male,no
3rd,"Lobb,MrsWilliamArthur",NA,,,female,no
3rd,"Lockyer,MrEdward",NA,,,male,no
3rd,"Lovell,MrJohn",NA,,,male,no
3rd,"Lulich,MrNicola",NA,,,male,yes
3rd,"Lundahl,MrJohan",NA,,,male,no
3rd,"Lundin,MissOlgaElida",NA,,,female,yes
3rd,"Lundstrom,MrThureEdvin",NA,,,male,no
3rd,"Lyntakoff,MrStanko",NA,,,male,no
3rd,"MacKay,MrGeorgeWilliam",NA,,,male,no
3rd,"Madigan,MissMargaret",NA,,,female,yes
3rd,"Madsen,MrFrithiof",NA,,,male,no
3rd,"Maenpaa,MrMattiAlexanteri",NA,,,male,no
3rd,"Mahon,MissDelia",NA,,,female,no
3rd,"Maisner,MrSimon",NA,,,male,no
3rd,"Makinen,MrKalleEdvard",NA,,,male,no
3rd,"Mamee,MrHanna",NA,,,male,yes
3rd,"Mangan,MissMary",NA,,,female,no
3rd,"Mannion,MissMargareth",NA,,,female,yes
3rd,"Mansour,MrHanna",NA,,,male,no
3rd,"Mardirosian,MrSarkis",NA,,,male,no
3rd,"Marinko,MrDmitri",NA,,,male,no
3rd,"Markim,MrJohann",NA,,,male,no
3rd,"Markoff,MrMarin",NA,,,male,no
3rd,"Masselmany,MrsFatima",NA,,,female,yes
3rd,"Matinoff,MrNicola",NA,,,male,no
3rd,"McCarthy,MissKatie",NA,,,female,yes
3rd,"McCormack,MrThomasJ.",NA,,,male,no
3rd,"McCoy,MissAgnes",NA,,,female,no
3rd,"McCoy,MissAlice",NA,,,female,no
3rd,"McCoy,MrBernard",NA,,,male,no
3rd,"McDermott,MissDelia",NA,,,female,no
3rd,"McElroy,MrMichael",NA,,,male,no
3rd,"McGovern,MrsHugh",NA,,,female,yes
3rd,"McGowan,MissAnna",NA,,,female,no
3rd,"McGowan,MissKatherine",NA,,,female,no
3rd,"McMahon,MrMartin",NA,,,male,no
3rd,"McNamee,MrNeal",NA,,,male,no
3rd,"McNamee,MrsNeal",NA,,,female,no
3rd,"Meanwell,MissMarionOgden",NA,,,female,no
3rd,"Mechen,MrJohn",NA,,,male,no
3rd,"Meek,MrsThomas",NA,,,female,no
3rd,"Melkebuk,MrsPhilemon",NA,,,female,no
3rd,"Meo,MrAlfonso",NA,,,male,no
3rd,"Midtsjo,MrKarlAlbert",NA,,,male,yes
3rd,"Mihoff,MrStoytcho",NA,,,male,no
3rd,"Miles,MrFrank",NA,,,male,no
3rd,"Mineff,MrIvan",NA,,,male,no
3rd,"Minkoff,MrLazar",NA,,,male,no
3rd,"Mirko,MrDika",NA,,,male,no
3rd,"Mitkoff,MrMito",NA,,,male,no
3rd,"Mocklare,MissHelenMary",NA,,,female,yes
3rd,"Moen,MrSigurdH.",NA,,,male,no
3rd,"Moor,MrsBeila",NA,,,female,yes
3rd,"Moor,MasterMeier",NA,,,male,no
3rd,"Moore,MrLeonardCharles",NA,,,male,no
3rd,"Moran,MissBertha",NA,,,female,yes
3rd,"Moran,MrDanielJ.",NA,,,male,no
3rd,"Moran,MrJames",NA,,,male,no
3rd,"Morley,MrHenrySamuel",NA,,,male,no
3rd,"Morrow,MrThomasRowan",NA,,,male,no
3rd,"Moubarek(Borak),MrHanna(John)",NA,,,male,yes
3rd,"Moubarek,MrsGeorge",NA,,,female,no
3rd,"Moubarek,MasterGeorge",NA,,,male,no
3rd,"Moubarek,MasterWilliamGeorge",NA,,,male,no
3rd,"Moss,AlbertJohan",NA,,,male,no
3rd,"Moussa,MrsMantouraBaloics",NA,,,female,no
3rd,"Moutal,MrRahamin",NA,,,male,no
3rd,"Mullins,MissKatie",NA,,,female,yes
3rd,"Mulvihill,MissBerthaE.",NA,,,female,no
3rd,"Murdlin,MrJoseph",NA,,,male,no
3rd,"Murphy,MissKatherine",NA,,,female,no
3rd,"Murphy,MissMargaret",NA,,,female,no
3rd,"Murphy,MissNora",NA,,,female,no
3rd,"Myhrman,MrPehrFabianOliverMalkolm",NA,,,male,no
3rd,"Nackid,MissMaria",NA,,,female,yes
3rd,"Nackid,MrSaid",NA,,,male,no
3rd,"Nackid,MrsSaid",NA,,,female,no
3rd,"Nahill,MrToufik",NA,,,male,no
3rd,"Naidenoff,MrPenko",NA,,,male,no
3rd,"Nancarrow,W.H.",NA,,,male,no
3rd,"Niklasen,Sander",NA,,,male,no
3rd,"Nosworthy,RichardC.",NA,,,male,no
3rd,"Najib,MissAdeleKiamie",NA,,,female,yes
3rd,"Nancarrow,MrWilliamHenry",NA,,,male,no
3rd,"Nankoff,MrMinko",NA,,,male,no
3rd,"Nasr,MrMustafa",NA,,,male,no
3rd,"Nassr,MrSaadeJean",NA,,,male,no
3rd,"Naughton,MissHannah",NA,,,female,no
3rd,"Nemaugh,MrRobert",NA,,,male,no
3rd,"Nenkoff,MrChristo",NA,,,male,no
3rd,"Nicola-Yarred,MissJamila",NA,,,female,yes
3rd,"Nicola-Yarred,MasterElias",NA,,,male,no
3rd,"Nieminen,MissMantaJosefina",NA,,,female,no
3rd,"Niklasson,MrSamuel",NA,,,male,no
3rd,"Nilsson,MrAugustFerdinand",NA,,,male,no
3rd,"Nilsson,MissBertaOlivia",NA,,,female,yes
3rd,"Nilsson,MissHelminaJosefina",NA,,,female,no
3rd,"Niskanen,MrJohan",NA,,,male,no
3rd,"Nosworthy,MrRichardCater",NA,,,male,no
3rd,"Novel,Mansouer",NA,,,male,yes
3rd,"Nysten,MissAnna",NA,,,female,no
3rd,"Nysveen,MrJohanH.",NA,,,male,no
3rd,"O'Brien,MrDenis",NA,,,male,no
3rd,"O'Brien,MrThomas",NA,,,male,no
3rd,"O'Brien,MrsThomas",NA,,,female,yes
3rd,"O'Connell,MrPatrickD.",NA,,,male,no
3rd,"O'Connor,MrMaurice",NA,,,male,no
3rd,"O'Connor,MrPatrick",NA,,,male,no
3rd,"Odahl,MrNilsMartin",NA,,,male,yes
3rd,"O'Dwyer,MissNellie",NA,,,female,no
3rd,"Ohman,MissVelin",NA,,,female,no
3rd,"O'Keefe,MrPatrick",NA,,,male,no
3rd,"OLeary,MissNorah",NA,,,female,no
3rd,"Olsen,MasterArthur",NA,,,male,no
3rd,"Olsen,MrCharlie(Carl)",NA,,,male,no
3rd,"Olsen,MrHenryMargido",NA,,,male,no
3rd,"Olsen,MrOleM.",NA,,,male,no
3rd,"Olsson,MissElida",NA,,,female,no
3rd,"Olsson,MrNilsJohan",NA,,,male,no
3rd,"Olsson,MrOscarJohansson",NA,,,male,yes
3rd,"O'Neill,MissBridget",NA,,,female,no
3rd,"Oreskovic,MrJeko",NA,,,male,no
3rd,"Oreskovic,MrLuka",NA,,,male,no
3rd,"Oreskovic,MrMaria",NA,,,male,no
3rd,"Osen,MrOlofElon",NA,,,male,no
3rd,"Osman,MissMaria",NA,,,female,yes
3rd,"O'Sullivan,MissBridget",NA,,,female,no
3rd,"Panula,MrErnestiArvid",NA,,,male,no
3rd,"Panula,MrJaakoArnold",NA,,,male,no
3rd,"Panula,MasterJuhaNiilo",NA,,,male,no
3rd,"Panula,MrsJohn",NA,,,female,no
3rd,"Panula,MasterUrhoAbraham",NA,,,male,no
3rd,"Panula,MasterWilliam",NA,,,male,no
3rd,"Pasic,MrJakob",NA,,,male,no
3rd,"Paulner,MrUscher",NA,,,male,no
3rd,"Paulsson,MasterGostaLeonard",NA,,,male,no
3rd,"Paulsson,MrsNils",NA,,,female,no
3rd,"Paulsson,MasterPaulFolke",NA,,,male,no
3rd,"Paulsson,MissStinaViola",NA,,,female,no
3rd,"Paulsson,MissTorborgDanira",NA,,,female,no
3rd,"Pavlovic,MrStefo",NA,,,male,no
3rd,"Peacock,MasterAlfredEdward",NA,,,male,no
3rd,"Peacock,MrsBenjamin",NA,,,female,no
3rd,"Peacock,MissTreasteall",NA,,,female,no
3rd,"Pearce,MrErnest",NA,,,male,no
3rd,"Pecruic,MrMate",NA,,,male,no
3rd,"Pecruic,MrTome",NA,,,male,no
3rd,"Pedersen,MrOlaf",NA,,,male,no
3rd,"Peduzzi,MrJoseph",NA,,,male,no
3rd,"Pekoniemi,MrEdvard",NA,,,male,yes
3rd,"Peltomaki,NikolaiJohannes",NA,,,male,no
3rd,"Perkin,MrJohnHenry",NA,,,male,no
3rd,"Persson,MrErnstUlrik",NA,,,male,yes
3rd,"Peter(Joseph),MissMary",NA,,,female,no
3rd,"Peter(Joseph),MrsCatherine",NA,,,female,no
3rd,"Peter(Joseph),MasterMichaelJ.",NA,,,male,no
3rd,"Peters,MissKatie",NA,,,female,no
3rd,"Petersen,MrMarius",NA,,,male,no
3rd,"Petranec,MissMatilda",NA,,,female,no
3rd,"Petroff,MrNedeca",NA,,,male,no
3rd,"Petroff,MrPentcho",NA,,,male,no
3rd,"Pettersson,MissEllenNatalia",NA,,,female,no
3rd,"Peterson,MrJohanEmil",NA,,,male,no
3rd,"Pickard(Trembisky),MrBerk",NA,,,male,yes
3rd,"Plotcharsky,MrVasil",NA,,,male,no
3rd,"Potchett,MrGeorge",NA,,,male,no
3rd,"Radeff,MrAlexander",NA,,,male,no
3rd,"Raibid,MrRazi",NA,,,male,no
3rd,"Reed,MrJamesGeorge",NA,,,male,no
3rd,"Reynolds,MrHarold",NA,,,male,no
3rd,"Rice,MasterAlbert",NA,,,male,no
3rd,"Rice,MasterArthur",NA,,,male,no
3rd,"Rice,MasterGeorge",NA,,,male,no
3rd,"Rice,MasterEric",NA,,,male,no
3rd,"Rice,MasterEugene",NA,,,male,no
3rd,"Rice,MrsWilliam",NA,,,female,no
3rd,"Riihiivouri,MissSanni",NA,,,female,no
3rd,"Rintamaki,MrMatti",NA,,,male,no
3rd,"Riordan,MissHannah",NA,,,female,yes
3rd,"Risien,MrSamuel",NA,,,male,no
3rd,"Risien,MrsSamuel",NA,,,female,no
3rd,"Robins,MrAlexanderA.",NA,,,male,no
3rd,"Robins,MrsAlexanderA.",NA,,,female,no
3rd,"Rommetvedt,MrKarlKristianKnut",NA,,,male,no
3rd,"Rogers,MrWilliamJohn",NA,,,male,no
3rd,"Rosblom,MrsViktor",NA,,,female,no
3rd,"Rosblom,MissSalliHelena",NA,,,female,no
3rd,"Rosblom,MrViktorRickard",NA,,,male,no
3rd,"Roth,MissSarah",NA,,,female,yes
3rd,"Rouse,MrRichardHenry",NA,,,male,no
3rd,"Rush,MrAlfredGeorgeJohn",NA,,,male,no
3rd,"Ryan,MrEdwardRyan",NA,,,male,yes
3rd,"Ryan,MrPatrick",NA,,,male,no
3rd,"Saad,MrAmin",NA,,,male,no
3rd,"Saad,Khalil",NA,,,male,yes
3rd,"Sadlier,MrMatthew",NA,,,male,no
3rd,"Sadowitz,MrHarry",NA,,,male,no
3rd,"Sage,MissAda",NA,,,female,no
3rd,"Sage,MissConstance",NA,,,female,no
3rd,"Sage,MissDorothy",NA,,,female,no
3rd,"Sage,MrDouglas",NA,,,male,no
3rd,"Sage,MrFrederick",NA,,,male,no
3rd,"Sage,MrGeorge",NA,,,male,no
3rd,"Sage,MrJohn",NA,,,male,no
3rd,"Sage,MrsJohn",NA,,,female,no
3rd,"Sage,MissStella",NA,,,female,no
3rd,"Sage,Thomas(child)",NA,,,male,no
3rd,"Sage,MasterWilliam",NA,,,male,no
3rd,"Salander,MrKarlJohan",NA,,,male,no
3rd,"Salkjelsvik,MissAnna",NA,,,female,yes
3rd,"Salonen,MrJohanWerner",NA,,,male,no
3rd,"Samaan,MrElias",NA,,,male,no
3rd,"Samaan,MrHanna",NA,,,male,no
3rd,"Samaan,MrYoussef",NA,,,male,no
3rd,"Sandstrom,MissHjalmar",NA,,,female,yes
3rd,"Sandstrom,MissBeatriceIrene",NA,,,female,no
3rd,"Sandstrom,MissMargueriteRut",NA,,,female,no
3rd,"Sather,SimonSivertsen",NA,,,male,no
3rd,"Saundercock,WilliamHenry",NA,,,male,no
3rd,"Sawyer,MrFrederick",NA,,,male,no
3rd,"Scanlan,MrJames",NA,,,male,no
3rd,"Sdycoff,MrTodor",NA,,,male,no
3rd,SemanMasterBetros,NA,,,male,no
3rd,"Serota,MrMaurice",NA,,,male,no
3rd,"Shaughnesay,MrPatrick",NA,,,male,no
3rd,"Shedid(Sitik),MrDaher(Docart)",NA,,,male,no
3rd,"Sheerlinck,MrJean",NA,,,male,yes
3rd,"Shellard,MrFrederickB.",NA,,,male,no
3rd,"Shine,MissEllen",NA,,,female,yes
3rd,"Shorney,MrCharles",NA,,,male,no
3rd,"Simmons,MrJohn",NA,,,male,no
3rd,"Sirayanian,MrArsun",NA,,,male,no
3rd,"Sivic,MrHusen",NA,,,male,no
3rd,"Sivola,MrAntti",NA,,,male,no
3rd,"Sjoblom,MissAnnaSofia",NA,,,female,yes
3rd,"Sholt,MrPeterAndreasLauritzAndersen",NA,,,male,no
3rd,"Skinner,MrHenryJohn",NA,,,male,no
3rd,"Skoog,MasterHarald",NA,,,male,no
3rd,"Skoog,MasterKarl",NA,,,male,no
3rd,"Skoog,MissMabel",NA,,,female,no
3rd,"Skoog,MissMargit",NA,,,female,no
3rd,"Skoog,MrWilliam",NA,,,male,no
3rd,"Skoog,MrsWilliam",NA,,,female,no
3rd,"Slabenoff,MrPetco",NA,,,male,no
3rd,"Slocovski,MrSelman",NA,,,male,no
3rd,"Smiljanovic,MrMile",NA,,,male,no
3rd,"Smyth,MissJulia",NA,,,female,yes
3rd,"Solvang,MrsLenaJacobsen",NA,,,female,no
3rd,"Somerton,MrFrancisWilliam",NA,,,male,no
3rd,"Sop,MrJules",NA,,,male,yes
3rd,"Spector,MrWoolf",NA,,,male,no
3rd,"Staneff,MrIvan",NA,,,male,no
3rd,"Stankovic,MrJovan",NA,,,male,no
3rd,"Stanley,MissAmyZillaElsie",NA,,,female,yes
3rd,"Stanley,MrEdwardRoland",NA,,,male,no
3rd,"Storey,MrThomas",NA,,,male,no
3rd,"Stoyehoff,MrIlia",NA,,,male,no
3rd,"Strandberg,MissIdaSofia",NA,,,female,no
3rd,"Stranden,MrJuho",NA,,,male,yes
3rd,"Strilic,MrIvan",NA,,,male,no
3rd,"Strom,MrsWilhelm",NA,,,female,no
3rd,"Strom,MissTelma(Selma)Matilda",NA,,,female,no
3rd,"Sunderland,MrVictorFrancis",NA,,,male,yes
3rd,"Sundman,MrJohanJulian",NA,,,male,no
3rd,"Sutehall,MrHenry,Jr",NA,,,male,no
3rd,"Svensson,MrJohan",NA,,,male,no
3rd,"Svensson,MrJohanCervin",NA,,,male,yes
3rd,"Svensson,MrOlof",NA,,,male,no
3rd,"Tannous,MrThomas",NA,,,male,no
3rd,"Tenglin,MrGunnarIsidor",NA,,,male,yes
3rd,"Theobald,MrThomasLeonard",NA,,,male,no
3rd,"Thomas,MrsAlexander",NA,,,female,yes
3rd,"Thomas,MasterAssadAlexander",NA,,,male,no
3rd,"Thomas,MrCharles",NA,,,male,no
3rd,"Thomas,MrJohn,Jr",NA,,,male,no
3rd,"Thomas,MrJohn(?1st/2ndclass)",NA,,,male,no
3rd,"Thomson,MrAlexander",NA,,,male,no
3rd,"Thorneycroft,MrPercival",NA,,,male,no
3rd,"Thorneycroft,MrsPercival",NA,,,female,yes
3rd,"Tikkanen,MrJuho",NA,,,male,no
3rd,"Tobin,MrRoger",NA,,,male,no
3rd,"Todoroff,MrLalio",NA,,,male,no
3rd,"Toerber,MrErnestWilliam",NA,,,male,no
3rd,"Tomlin,MrErnestPortage",NA,,,male,no
3rd,"Torfa,MrAssad",NA,,,male,no
3rd,"Tornquist,MrWilliamHenry",NA,,,male,yes
3rd,"Touma(Thomas),MrsDarwin",NA,,,female,no
3rd,"Touma(Thomas),MasterGeorge",NA,,,male,no
3rd,"Touma(Thomas),MissHannah",NA,,,female,no
3rd,"Turcin,MrStefan",NA,,,male,no
3rd,"Turja,MissAnnaSofia",NA,,,female,yes
3rd,"Turkula,MrsHedvig",NA,,,female,no
3rd,"Uzelas,MrJoso",NA,,,male,no
3rd,"VanBilliard,MrAustinBlyler",NA,,,male,no
3rd,"VanBilliard,MasterJamesWilliam",NA,,,male,no
3rd,"VanBilliard,MasterWalterJohn",NA,,,male,no
3rd,"VanderPlanke,MissAugusta",NA,,,female,no
3rd,"VanderPlanke,MrJules",NA,,,male,no
3rd,"VanderPlanke,MrsJules",NA,,,female,no
3rd,"VanderPlanke,MrLeon",NA,,,male,no
3rd,"VanderSteen,MrLeoPeter",NA,,,male,no
3rd,"VandeVelde,MrJohnJoseph",NA,,,male,no
3rd,"Vandewalle,MrNestorCyriel",NA,,,male,no
3rd,"VanImpe,MissCatharine",NA,,,female,no
3rd,"VanImpe,MrJeanBaptiste",NA,,,male,no
3rd,"VanImpe,MrsJeanBaptiste",NA,,,female,no
3rd,"Vartunian,MrDavid",NA,,,male,yes
3rd,"Vassilios,MrCatavelas",NA,,,male,no
3rd,"Vendel,MrOlofWdvin",NA,,,male,no
3rd,"Vereruysse,MrVictor",NA,,,male,no
3rd,"Vestrom,MissHuldaAmandaAdolfina",NA,,,female,no
3rd,"Vonk,MrJenko",NA,,,male,no
3rd,"Ware,MrFrederick",NA,,,male,no
3rd,"Warren,MrCharlesWilliam",NA,,,male,no
3rd,"Wazli,MrYousif",NA,,,male,no
3rd,"Webber,MrJames",NA,,,male,no
3rd,"Wennerstrom,MrAugustEdvard",NA,,,male,yes
3rd,"Wenzel,MrLinhart",NA,,,male,no
3rd,"Widegren,MrCharlesPeter",NA,,,male,no
3rd,"Wiklund,MrJacobAlfred",NA,,,male,no
3rd,"Wilkes,MrsEllen",NA,,,female,yes
3rd,"Willer,MrAaron",NA,,,male,no
3rd,"Willey,MrEdward",NA,,,male,no
3rd,"Williams,MrHowardHugh",NA,,,male,no
3rd,"Williams,MrLeslie",NA,,,male,no
3rd,"Windelov,MrEinar",NA,,,male,no
3rd,"Wirz,MrAlbert",NA,,,male,no
3rd,"Wiseman,MrPhillippe",NA,,,male,no
3rd,"Wittevrongel,MrCamiel",NA,,,male,no
3rd,"Yalsevac,MrIvan",NA,,,male,yes
3rd,"Yasbeck,MrAntoni",NA,,,male,no
3rd,"Yasbeck,MrsAntoni",NA,,,female,yes
3rd,"Youssef,MrGerios",NA,,,male,no
3rd,"Zabour,MissHileni",NA,,,female,no
3rd,"Zabour,MissTamini",NA,,,female,no
3rd,"Zakarian,MrArtun",NA,,,male,no
3rd,"Zakarian,MrMaprieder",NA,,,male,no
3rd,"Zenn,MrPhilip",NA,,,male,no
3rd,"Zievens,Rene",NA,,,female,no
3rd,"Zimmerman,Leo",NA,,,male,no
